source_file,page,ramo,tipo_cobertura,poliza_no,certificado_no,inicio_vigencia,fin_vigencia,asegurado,propietario,nit,direccion,marca,chasis,linea,pasajeros,modelo,clase,placa,motor,color,forma_pago,moneda,ocr_ok
1943853451940.pdf,1,Automóvil,'a: Todo Riesgo,AUTO - 371708,444,31/01/2025,31/01/2026 1200 A 12:00 HAS,"PRODUCTOS LACTEOS DE CENTROAMERICA, SOCIEDAD Descripción del Vehiculo","PRODUCTOS LACTEOS DE CENIROMMERCA, SOCIEDAD lime reneiaransa",,3 AVENIDA 13.78 -ZONA 10.GUATEMALA GUATEMALA. GUATEMALA. Color: BLANCO,,JAANPRI1HR7101039,,,,CAMION,,,BLANCO,,,True
1943853451940.pdf,2,Automóvi,ertura: Todo Riesgo,AUTO - 371708,445,31/01/2025,31/01/2026 12:00 A 12:00 HRS,"PRODUCTOS LACTEOS DE CENTROAMÉRICA, SOCIEDAD] Descripción del Vehículo",PRODUCTOS LACTEOS DE cemraoamenica socenao |tsmeecme > |panejeressa |,,3 AVENIDA 13-78 -ZOMA 10-GUATEMALA-GUATEMALA- GUATEMALA Color: BLANCO,,,,,2024,,,,BLANCO,EFECTIVO,,True
1943853451940.pdf,3,Automovi,,,,31/01/2025,31/01/2026 12:00 A 1200 HRS,"PRODUCTOS LACTEOS DE CENTROAMÉRICA, SOCIEDAD] Descripción del Vehículo","PRODUCTOS LACTEOS DE CENTROAMERICA, SOCIEDAD eines] Pas os: 3",,3 AVENIDA 13-78 -2ONA 10.GUATEMALA-GUATEMALA- GUATEMALA Color: BLANCO,Suzu,JAANPR71HR7101038,,,,,,ovn2ss,BLANCO,EFECTIVO,QUETZALES,True
1943853451940.pdf,4,,,,447,31/01/2025,31/01/2026 12:00 A 12:00 HRS,"PRODUCTOS LACTEOS DE CENTROAMERICA, SOCIEDAD] Descripción del Vehículo",,,3 AVENIDA 13-78 -2ONA 10.GUATEMALA-.GUATEMALA- GUATEMALA Color: BLANCO,ISUZU,JAANPR71HR7101240,,,,CAMION,,,BLANCO,,QUETZALES,True
1943853451940.pdf,5,Automóvi,,,448,31/01/2025,31/01/2026 12:00 A 12:00 HRS,"PRODUCTOS LACTEOS DE CENTROAMERICA, SOCIEDAD] Descripción del Vehículo","PRODUCTOS LACTEOS DE CENTROAMERICA, SOCIEDAD ere lranajareasa |",,,,,,,,,,,BLANCO,EFECTIVO,QUETZALES,True
1943853451940.pdf,6,ALtomovi,ertura: Todo Riesgo,,,31/01/2025,31/01/2026 12:00 A 12:00 HRS,"PRODUCTOS LACTEOS DE CENTROAMERICA, SOCIEDAD] Descripción del Vehículo",,,3 AVENIDA 13-78 -2ONA 10-GUATEMALA-GUATEMALA- GUATEMALA Color: BLANCO,ISUZU,JAANPR71HR7101237,,,2024,,,,BLANCO,,,True
1943853451940.pdf,7,Automóvi,a: Todo Riesgo,AUTO - 371708,450,31/01/2025,31/01/2026 12:00 A 1200 HRS,"PRODUCTOS LACTEOS DE CENTROAMERICA, SOCIEDAD] Descripción del Vehículo",,,,,,,,,,,,BLANCO,EFECTIVO,,True
1943853451940.pdf,8,Automóvi,,,451,31/01/2025,31/01/2026 12:00 A 12:00 HRS,"PRODUCTOS LACTEOS DE CENTROAMERICA, SOCIEDAD] Descripción del Vehículo",,,3 AVENIDA 13-78 .ZONA 10-GUATEMALA-GUATEMALA. GUATEMALA Color: BLANCO,,,,,,,,,BLANCO,EFECTIVO,QUETZALES,True
1943853451940.pdf,9,Atomovi,ertura: Todo Riesgo,,,31/01/2025,31/01/2026 12:00 A 1200 HRS,"PRODUCTOS LACTEOS DE CENTROAMÉRICA, SOCIEDAD] Descripción del Vehículo",,,3 AVENIDA 13-78 -Z2OMA 10.GUATEMALA.GUATEMALA- GUATEMALA Color: BLANCO,,,,,2024,,,,BLANCO,,QUETZALES,False
1943853451940.pdf,10,Automóvi,,,453,31/01/2025,31/01/2026 12:00 A 12:00 HRS,"PRODUCTOS LACTEOS DE CENTROAMERICA, SOCIEDAD] Descripción del Vehículo",,,3 AVENIDA 13-78 -2ONA 10.GUATEMALA-GUATEMALA- GUATEMALA Color: BLANCO,ISUZU,JAANPR71HR7101227,,,,,,,BLANCO,,QUETZALES,True
1943853451940.pdf,11,Automóvi,,,454,31/01/2025,31/01/2026 12:00 A 1200 HRS,"PRODUCTOS LACTEOS DE CENTROAMERICA, SOCIEDAD) Descripción del Vehículo",,,3 AVENIDA 13.78 .2OMA 10.GUATEMALA.GUATEMALA. GUATEMALA Color: BLANCO,,,,,,,,,BLANCO,,,True
1943853451940.pdf,12,Automóvi,ertura: Todo Riesgo,AUTO - 371708,455,31/01/2025,31/01/2026 12:00 A 1200 HRS,"PRODUCTOS LACTEOS DE CENTROAMERICA, SOCIEDAD] Descripción del Vehículo",MDUSTRASUACTEAS SA ltímeecno > [pasajeros |,,KILOMETRO 25.5 CARRETERA A EL SALVADOR -SIN ZONAN/COMUNIDAD FRALJANES-GUATEMALA- GUATEMALA Color: BLANCO,,,,,2025,,,,BLANCO,,,True
1943853451940.pdf,13,,,,456,31/01/2025,31/01/2026 12:00 A 12:00 HRS,"PRODUCTOS LACTEOS DE CENTROAMERICA, SOCIEDAD] Descripción del Vehículo",MDUSTRASTACTEAS SA liímeame > Ípasajerosis |,,KILOMETRO 25.5 CARRETERA A EL SALVADOR -SIN ZONA/COMUNIDAD.F RALJANES-GUATEMALA-GUATEMALA Color: BLANCO,ISUZU,JAANPR71HS7100062,,,,,,,BLANCO,,,True
1943853451940.pdf,14,,,,457,31/01/2025,31/01/2026 12:00 A 1200 HRS,"PRODUCTOS LACTEOS DE CENTROAMERICA, SOCIEDAD] Descripción del Vehículo",DUSTRASLACTEAS SA Jumee:eve [pasajeros |,,KILOMETRO 25.5 CARRETERA A El SALVADOR -SIN ZONA/COMUNIDAD FRALJANES-GUATEMALA-.GUATEMALA Color: BLANCO,ISUZU,JALFVR3A7P7000877,,,,,,,BLANCO,,,True
1943853451940.pdf,15,Automóvi,"e ra: Todo Riesgo PÓ No.: AUTO - 371708 Certificado No.: 458 Inicio de Vigencia: 31/01/2025 Fin de Vigencia: 31/01/2026 12:00 A 12:00 HRS Asegurado: PRODUCTOS LACTEOS DE CENTROAMERICA, SOCIEDAD) Descripción del Vehículo IMA PropiRtano DUST LACIE EA limerr lrcnejararra | [ntodeio: 22 Jetasercmmom | Cn O o e a o loteo 222 ZONA/COMUNIDAD F RALJANES-GUATEMALA-GUATEMALA Color: BLANCO COBERTURAS Y BENEFICIOS AMPARADOS [Coberturas y Beneficios Amparados 7 L Daños Propios al Vehículo Descrito Todo riesgo de pérdida o daño físico que sufra el vehículo por cualquier causa externa, siempre y cuando no se encuentre excluido en las Condiciones Generales. Q 11,036.16 Todo Riesgo excluyendo robo: Q 220,12321 o Robo ylo Hurto Total: Q 220,723.21 | Q 11,036.16 Ala",,458,31/01/2025,31/01/2026 12:00 A 12:00 HRS,"PRODUCTOS LACTEOS DE CENTROAMERICA, SOCIEDAD) Descripción del Vehículo",,,,,,,,,,,,BLANCO,,,True
1943853451940.pdf,16,Automóvi,,,459,31/01/2025,31/01/2026 12:00 A 1200 HRS,"PRODUCTOS LACTEOS DE CENTROAMERICA, SOCIEDAD] Descripción del Vehículo",,,3 AVENIDA 13-78 -ZONA 10.GUATEMALA-GUATEMALA- GUATEMALA Color: BLANCO,,,,,2025,,,,BLANCO,EFECTIVO,,True
1943853451940.pdf,17,Automóvi,ertura: Todo Riesgo,AUTO - 371708,460,31/01/2025,31/01/2026 12:00 A 12:00 HRS,"PRODUCTOS LACTEOS DE CENTROAMÉRICA, SOCIEDAD] Descripción del Vehículo",,,3 AVENIDA 13-78 «ZONA 10-GUATEMALA-GUATEMALA. GUATEMALA Color: BLANCO,,,,,2025,,,,BLANCO,EFECTIVO,QUETZALES,True
1943853451940.pdf,18,Automóvi,,,461,31/01/2025,31/01/2026 12:00 A 12:00 HRS,"PRODUCTOS LACTEOS DE CENTROAMÉRICA, SOCIEDAD! Descripción del Vehículo",,,3 AVENIDA 13-78 -ZONA 10-GUATEMALA-GUATEMALA- GUATEMALA Color: BLANCO,,,,,2025,,,,BLANCO,,querzaLEs,True
1943853451940.pdf,19,Automóvi,a: Todo Riesgo,AUTO - 371708,462,31/01/2025,31/01/2026 12:00 A 12:00 HRS,"PRODUCTOS LACTEOS DE CENTROAMÉRICA, SOCIEDAD] Descripción del Vehículo",,,3 AVENIDA 13-78 .ZONA 10-GUATEMALA-GUATEMALA. GUATEMALA Color: BLANCO,,,,,2025,,,,BLANCO,,,True
1943853451940.pdf,20,Automóvi,,,463,31/01/2025,31/01/2026 12:00 A 12:00 HRS,"PRODUCTOS LACTEOS DE CENTROAMERICA, SOCIEDAD Descripción del Vehículo",,,3 AVENIDA 13-78 -2ONA 10.GUATEMALA-GUATEMALA- GUATEMALA Color: BLANCO,,,,,2025,,,,BLANCO,,,True
1943853451940.pdf,21,ALomóvi,ertura: Todo Riesgo,,,31/01/2025,31/01/2026 12:00 A 12:00 HRS,"PRODUCTOS LACTEOS DE CENTROAMERICA, SOCIEDAD] Descripción del Vehículo",,,3 AVENIDA 13-78 -ZOMA 10.GUATEMALA.GUATEMALA- GUATEMALA Color: BLANCO,,,,,,,,,BLANCO,,QUETZALES,False
1943853451941.pdf,1,Automóvil,,,423,31/01/2025,31/01/2026 12:00 A 12:00 HRS,"PRODUCTOS LACTEOS DE CENTROAMERICA, SOCIEDAD] Descripción del Vehículo",MOUSTRASIACTEAS SA llinee:seuooeio |pasejers] |,,,,,,,,,,260398,,EFECTIVO,QUETZALES,True
1943853451941.pdf,2,Automóvi,ra: Todo Riesgo,AUTO - 371708,424,31/01/2025,31/01/2026 12:00 A 12:00 HRS,"PRODUCTOS LACTEOS DE CENTROAMÉRICA, SOCIEDAD] Descripción del Vehículo",DUSTRAS UCTEAS SA llinee:swuooeio |pasojere3 |,,KILOMETRO 25.5 CARRETERA A EL SALVADOR -SIN ZONA/'COMUNIDAD FRALJANES-GUATEMALA- GUATEMALA Color: SiC,,,,,,,,,SiC,,QUETZALES,True
1943853451941.pdf,3,Automóvi,,,425,31/01/2025,31/01/2026 12:00 A 12:00 HRS,"PRODUCTOS LACTEOS DE CENTROAMÉRICA, SOCIEDAD] Descripción del Vehículo",,,KILOMETRO 25.5 CARRETERA A EL SALVADOR -SIN ZONA COMUNIDAD F RALJANES-GUATEMALA-GUATEMALA Color: S/C,ISUZU,JAANMKREGEK,,,,,,,S,EFECTIVO,QUETZALES,True
1943853451941.pdf,4,Automovil,ertura: Todo Riesgo,,,31/01/2025,31/01/2026 12:00 A 12:00 HRS,"PRODUCTOS LACTEOS DE CENTROAMÉRICA, SOCIEDAD] Descripción del Vehículo",MDUSTRASUACTEAS SA lies: semooeo [pasajeros] |,,KILOMETRO 25.5 CARRETERA A EL SALVADOR -SIN ZONA/COMUNIDAD F RALJANES-GUATEMALA- GUATEMALA Color: sic,,,,,,,,,sic,EFECTIVO,,False
1943853451941.pdf,5,Automóvi,a: Todo Riesgo,AUTO - 371708,427,31/01/2025,31/01/2026 12:00 A 1200 HRS,"PRODUCTOS LACTEOS DE CENTROAMERICA, SOCIEDAD] Descripción del Vehículo",,,,,,,,,,,,SiC,,,True
1943853451941.pdf,6,Automóvwi,,,428,31/01/2025,31/01/2026 12:00 A 1200 HRS,"PRODUCTOS LACTEOS DE CENTROAMERICA, SOCIEDAD] Descripción del Vehículo",MDUSTRAS UACTEAS SA liínee:smuooeio [pasajeros |,,KILOMETRO 25.5 CARRETERA A EL SALVADOR -SIN ZONA COMUNIDAD F RALJANES-GUATEMALA- GUATEMALA Color: S/C,,,,,,,,,S,EFECTIVO,QUETZALES,True
1943853451941.pdf,7,Automóvi,,,429,31/01/2025,31/01/2026 12:00 A 1200 HRS,"PRODUCTOS LACTEOS DE CENTROAMERICA, SOCIEDAD] Descripción del Vehículo",MOUSTRISUACTEAS SA tines: suuuooero [pasajeresis |,,KILOMETRO 25.5 CARRETERA A El SALVADOR -SIN ZONA/COMUNIDAD.F RALJANES-GUATEMALA- GUATEMALA Color: sic,,,,,,,,,sic,EFECTIVO,,True
1943853451941.pdf,8,Automóvil,ertura: Todo Riesgo,,,,31/01/2026 12:00 A 1200 HRS,"PRODUCTOS LACTEOS DE CENTROAMÉRICA, SOCIEDAD] Descripción del Vehículo",,,,ISUZU,JAANKREGE,,,,,,,,,QUETZALES,True
1943853451941.pdf,9,,,,431,31/01/2025,31/01/2026 12:00 A 12:00 HRS,"PRODUCTOS LACTEOS DE CENTROAMERICA, SOCIEDAD] Descripción del Vehículo",,,,ISUZU,JAANKREGE,,3,,,,,,,,True
1943853451941.pdf,10,Automóvi,,,432,31/01/2025,31/01/2026 12:00 A 1200 HRS,"PRODUCTOS LACTEOS DE CENTROAMERICA, SOCIEDAD] Descripción del Vehículo","INDUSTRIAS LACTEAS, SA Iimeessmsmcocio |ramajeroela |",,,,,,,,,,,SiC,,QUETZALES,True
1943853451941.pdf,11,Automóvi,,,433,31/01/2025,31/01/2026 12:00 A 12:00 HRS,"PRODUCTOS LACTEOS DE CENTROAMERICA, SOCIEDAD] Descripción del Vehículo",MUSTRASLACTEAS SA [tinee:smuoocio [pasajeros: |,,KILOMETRO 25.5 CARRETERA A El SALVADOR -SIN ZONA/COMUNIDAD F RALJANES-GUATEMALA-GUATEMALA Color: SiC,,,,,,,,,SiC,,queres O,True
1943853451941.pdf,12,Automóvil,ertura: Todo Riesgo,,,31/01/2025,31/01/2026 12:00 A 12:00 HRS,"PRODUCTOS LACTEOS DE CENTROAMERICA, SOCIEDAD] Descripción del Vehículo",,,,,,,,,,,,BLANCO PERLA DOLOMITE,,QUETZALES,False
1943853451941.pdf,13,Automóvi,,,435,31/01/2025,31/01/2026 12:00 A 12:00 HRS,"PRODUCTOS LACTEOS DE CENTROAMÉRICA, SOCIEDAD] Descripción del Vehículo",PRODUCTOS LACTEOS OE CENTROMMERCA Socioao|tinesc me pasalerossa |,,3 AVENIDA 13-78 -2ONA 10-GUATEMALA-GUATEMALA- GUATEMALA Color: BLANCO,,,,,2024,,,,BLANCO,,QUETZALES,True
1943853451941.pdf,14,Automóvi,ertura: Todo Riesgo,AUTO - 371708,436,31/01/2025,31/01/2026 12:00 A 12:00 HRS,"PRODUCTOS LACTEOS DE CENTROAMÉRICA, SOCIEDAD] Descripción del Vehículo",PRODUCTOS LACTEOS 0€ cEnTRomERIcA Socenao|meacme > [Panajerosia |,,3 AVENIDA 13-78 -2ONA 10-GUATEMALA-GUATEMALA- GUATEMALA Color: BLANCO,,,,,2024,,,,BLANCO,,,True
1943853451941.pdf,15,Automóvi,ertura: Todo Riesgo,AUTO - 371708,437,,31/01/2026 12:00 A 1200 HRS,"PRODUCTOS LACTEOS DE CENTROAMERICA, SOCIEDAD! Descripción del Vehículo","PRODUCTOS LACTEOS DE CENTROAMERICA, SOCIEDAD lime ranejarossa |",,,,,,,2024,,,,BLANCO,,,True
1943853451941.pdf,16,Automóvi,,,438,31/01/2025,31/01/2026 12:00 A 12:00 HRS,"PRODUCTOS LACTEOS DE CENTROAMÉRICA, SOCIEDAD] Descripción del Vehículo",,,3 AVENIDA 13-78 -ZONMA 10.GUATEMALA- GUATEMALA. GUATEMALA Color: BLANCO,,,,,2024,,,,BLANCO,,,True
1943853451941.pdf,17,Atomovi,ertura: Todo Riesgo,,,31/01/2025,31/01/2026 12:00 A 12:00 HRS,"PRODUCTOS LACTEOS DE CENTROAMERICA, SOCIEDAD] Descripción del Vehículo",PRODUCTOS LACTEOS DE cenrmoauec Socuoao|tmeecme [pasajeros] |,,3 AVENIDA 13-78 -2ONA 10-GUATEMALA-GUATEMALA. GUATEMALA Color: BLANCO,tSUZU,JAANPR71HR7101021,,,,,,,BLANCO,,QUETZALES,True
1943853451941.pdf,18,Auomovi,ertura: Todo Riesgo,,,31/01/2025,31/01/2026 12:00 A 12:00 HRS,"PRODUCTOS LACTEOS DE CENTROAMÉRICA, SOCIEDAD] Descripción del Vehículo","PRODUCTOS LACTEOS OE CENTROMMERICA, SocienaD|tameac me [pasajerosca |",,3 AVENIDA 13-78 -2ONA 10-GUATEMALA-GUATEMALA. GUATEMALA Color: BLANCO,,,,,2024,,,,BLANCO,EFECTIVO,,False
1943853451941.pdf,19,Automovil,ertura: Todo Riesgo,,,31/01/2025,31/01/2026 12:00 A 1200 HRS,"PRODUCTOS LACTEOS DE CENTROAMERICA, SOCIEDAD] Descripción del Vehículo",PROQUCTOS LACTEOS DE CENIROAMERICA Socinan|tameecme > penajerossa |,,3 AVENIDA 13-78 .ZONA 10-GUATEMALA-GUATEMALA. GUATEMALA Color: BLANCO,,,,,,,,,BLANCO,,,False
1943853451941.pdf,20,Artomóvi,,,442,31/01/2025,31/01/2026 12:00 A 12:00 HRS,"PRODUCTOS LACTEOS DE CENTROAMERICA, SOCIEDAD) Descripción del Vehículo",,,3 AVENIDA 13-78 -2ONA 10.GUATEMALA-GUATEMALA- GUATEMALA Color: BLANCO,,,,,,,,,BLANCO,EFECTIVO,,True
1943853451941.pdf,21,Automóvi,,,443,31/01/2025,31/01/2026 12:00 A 12:00 HRS,"PRODUCTOS LACTEOS DE CENTROAMERICA, SOCIEDAD] Descripción del Vehículo",,,,ISUZU,JAANPR71HR7101051,,,2024,,,,BLANCO,,QUETZALES,True
1943853451942.pdf,1,,,,465,31/01/2025,31/01/2026 12:00 A 1200 HRS,"PRODUCTOS LACTEOS DE CENTROAMERICA, SOCIEDAD Descripción del Vehiculo",PRODUCTOS LACTEOS DE CENTROmMERCA SocioaD|tineec me [Pasajeros |,,3 AVENIDA 13-78 -ZONA 10-GUATEMALA-GUATEMALA. GUATEMALA Color: BLANCO,,,,,2025,,,,BLANCO,EFECTIVO,,True
1943853451942.pdf,2,Automóvwi,,,466,31/01/2025,31/01/2026 12:00 A 12:00 HRS,"PRODUCTOS LACTEOS DE CENTROAMERICA, SOCIEDAD] Descripción del Vehículo","PRODUCTOS LACTEOS DE CENTROAMERICA, SOCIEDAD limas Pasajeros: 3",,3 AVENIDA 13-78 .ZONA 10-GUATEMALA-GUATEMALA. GUATEMALA Color: BLANCO,ISUZU,JAANPR71HS7100048,,3,2025,CAMION,,oVmv132,BLANCO,EFECTIVO,QUETZALES,True
1943853451942.pdf,3,Automóvi,ertura: Todo Riesgo,,,31/01/2025,31/01/2026 12:00 A 12:00 HRS,"PRODUCTOS LACTEOS DE CENTROAMERICA, SOCIEDAD Descripción del Vehículo",,,3 AVENIDA 13-78 -ZONA 10.GUATEMALA GUATEMALA. GUATEMALA Color: BLANCO,,,,,2025,,,,BLANCO,EFECTIVO,,False
1943853451942.pdf,4,Automóvi,,,468,31/01/2025,31/01/2026 12:00 A 12:00 HRS,"PRODUCTOS LACTEOS DE CENTROAMÉRICA, SOCIEDAD] Descripción del Vehículo",,,3 AVENIDA 13-78 -Z2ONA 10.GUATEMALA.GUATEMALA. GUATEMALA Color: BLANCO,,,,,,,,,BLANCO,EFECTIVO,,True
1943853451942.pdf,5,Automóvi,,,469,31/01/2025,31/01/2026 12:00 A 12:00 HRS,"PRODUCTOS LACTEOS DE CENTROAMERICA, SOCIEDAD] Descripción del Vehículo",,,3 AVENIDA 13-78 -2ONA 10-GUATEMALA-.GUATEMALA- GUATEMALA Color: ROJO,INTERNATIONAL,3HSOZAPR8JN598375,,,2019,,,,ROJO,,,True
1943853451942.pdf,6,Aitomówi,,,470,31/01/2025,31/01/2026 12:00 A 1200 HRS,"PRODUCTOS LACTEOS DE CENTROAMERICA, SOCIEDAD] Descripción del Vehículo",,,3 AVENIDA 13-78 -Z2ONA 10.GUATEMALA-.GUATEMALA- GUATEMALA Color: ROJO,INTERNATIONAL,3MSOZAPR1IN598377,,,2018,,,,ROJO,,QUETZALES,True
1943853451942.pdf,7,Automóvil,ertura: Todo Riesgo,AUTO - 371708,471,31/01/2025,31/01/2026 12:00 A 12:00 HRS,"d0: PRODUCTOS LACTEOS DE CENTROAMÉRICA, SOCIEDAD! Descripción del Vehículo",,,,GREAT,1GRAAD628GE,,,,OTROS,,,BLANCO,EFECTO,,True
1943853451942.pdf,8,Automóvi,,,472,31/01/2025,31/01/2026 12:00 A 12:00 HRS,"PRODUCTOS LACTEOS DE CENTROAMÉRICA, SOCIEDAD] Descripción del Vehículo","PRODUCTOS LACTEOS DE CENTROAMERICA, SOCIEDAD",,3 AVENIDA 13-78 -2ZONA 10.GUATEMALA-GUATEMALA- GUATEMALA Color: BLANCO,GREAT,1GRAA9624G8709713,,,,OTROS,,,BLANCO,EFECTIVO,,True
1943853451942.pdf,9,Automóvil,ertura: Todo Riesgo,AUTO - 371708,473,01/04/2025,31/01/2026 1200 A 12:00 HRS,"PRODUCTOS LACTEOS DE CENTROAMERICA, SOCIEDAD] Descripción del Vehículo",,,KM. 25.5 CARRETERA A EL SALVADOR FRALJANES -SIN ZONA-GUATEMALA-GUATEMALA-GUATEMALA Color: PLATEADO METALICO,ISUZU,MPATFS40JT,,,2020,,,evszoo,PLATEADO METALICO,,,True
1943853451942.pdf,10,Automóvil,ertura: Todo Riesgo,AUTO - 371708,474,,31/01/2026 1200 A 12:00 HRS,"! d0: PRODUCTOS LACTEOS DE CENTROAMÉRICA, SOCIEDAD] Descripción del Vehículo","PRODUCTOS LACTEOS DE CENTROMERCA, SOCIEDAD lismee:isecocconmaso [Masajeroara |",,3 AVENIDA 13.78 -ZONA 10-GUATEMALA.GUATEMALA. GUATEMALA Color: BLANCO,HNO,JHHAS,,,,,,,BLANCO,,,True
1943853451942.pdf,11,Automóvil,ertura: Todo Riesgo,AUTO - 371708,475,30/09/2025,31/01/2026 12:00 A 12:00 HRS,> Deducible 7],,,3RA AVENIDA 13-78 EDIFICIO CITIGROUP APTO JOFICINA N17 EDIFICIO CITIGROUP -ZONA 1O.GUATEMALA- GUATEMALA. | Color: BLANCO Y CALCOMANÍA MULTICOLOR,SUZUKI,MAJ0TOSB0S0E,,,2025,,,,BLANCO Y CALCOMANÍA MULTICOLOR,,QUETZALES,True
1943853451942.pdf,12,Automóvil,ertura: Todo Riesgo,AUTO - 371708,476,,31/01/2026 1200 A 12:00 HRS,"PRODUCTOS LACTEOS DE CENTROAMÉRICA, SOCIEDAD] Descripción del Vehículo","PRODUCTOS LACTEOS DE CENTROAMERICA, SOCIEDAD",,,SUZUKI,MAJO,,,,,,,sLanco y caucomantamancoros,EFECTO,,True
1943853451943.pdf,1,Automóvi,,,402,31/01/2025,31/01/2026 12:00 A 12:00 HRS,"PRODUCTOS LACTEOS DE CENTROAMÉRICA, SOCIEDAD] Descripción del Vehículo",MDUSTRASLACTEAS SA llinee:sucoio [pasajeros] |,,,,,,,,,,721606,,,QUETZALES,True
1943853451943.pdf,2,Automovil,ertura: Todo Riesgo,,,31/01/2025,31/01/2026 12:00 A 12:00 HRS,"PRODUCTOS LACTEOS DE CENTROAMERICA, SOCIEDAD] Descripción del Vehículo","INDUSTRIAS LACTEAS, SA lime: smuicorio Ipasejereera |",,,Suzu,JAAMKR6G6EK7100053,,,,,,,,,,True
1943853451943.pdf,3,Automovi,,,,31/01/2025,31/01/2026 12:00 A 1200 HRS,"PRODUCTOS LACTEOS DE CENTROAMERICA, SOCIEDAD] Descripción del Vehículo",DDUSTRAS LACTEAS SA Lines: Sa uooELO pasajeros: |,,,ISUZU,JAANKREGEK7100052,,,,,,,,,,True
1943853451943.pdf,4,Automóvi,,,405,31/01/2025,31/01/2026 12:00 A 12:00 HRS,"PRODUCTOS LACTEOS DE CENTROAMERICA, SOCIEDAD] Descripción del Vehículo",DDUSTRRAS LACTERS SA Lines: 301 MDOELO Imuseteresso |,,,,,,,,,,,,,QUETZALES,True
1943853451943.pdf,5,Automóvi,,,406,31/01/2025,31/01/2026 12:00 A 12:00 HRS,"PRODUCTOS LACTEOS DE CENTROAMERICA, SOCIEDAD) Descripción del Vehículo","INDUSTRIAS LACTEAS, SA Imee:smuucosio Jpasejeressa |",,KILOMETRO 255 CARRETERA A EL SALVADOR -SIN ZONA/COMUNIDAD FRALJANES-GUATEMALA- GUATEMALA Color: S/C,,,,,,,,,S,EFECTIVO,aveces A,True
1943853451943.pdf,6,Automóvi,ra: Todo Riesgo,AUTO - 371708,407,31/01/2025,31/01/2026 12:00 A 12:00 HRS,,RDUSTRASIACTEAS SA llinee:swuooeio |pasojere3 |,,KILOMETRO 25.5 CARRETERA A EL SALVADOR -SIN ZONA COMUNIDAD F RALJANES-GUATEMALA- GUATEMALA Color: SiC,,,,,,,,,SiC,,QUETZALES,True
1943853451943.pdf,7,Automóvil,'a: Todo Riesgo,AUTO - 371708,408,31/01/2025,31/01/2026 12:00 A 12:00 HRS,[ Deducible 7],,,KILOMETRO 255 CARRETERA A EL SALVADOR -SIN ZONA/COMUNIDAD-F RAUANES-GUATEMALA-GUATEMALA Color: SiC,ISUZU,JAANKR6SE,,,,Canon,,,SiC,,,True
1943853451943.pdf,8,Automóvi,ertura: Todo Riesgo,AUTO - 371708,409,31/01/2025,31/01/2026 12:00 A 12:00 HRS,"PRODUCTOS LACTEOS DE CENTROAMERICA, SOCIEDAD] Descripción del Vehículo",,,,,,,,,,,729870,,,,True
1943853451943.pdf,9,Aomovi,ertura: Todo Riesgo,AUTO - 371708,410,31/01/2025,31/01/2026 12:00 A 12:00 HRS,"PRODUCTOS LACTEOS DE CENTROAMERICA, SOCIEDAD] Descripción del Vehículo",,,KILOMETRO 25.5 CARRETERA A EL SALVADOR -SIN ZONA/COMUNIDAD F RALJANES-GUATEMALA- GUATEMALA Color: SiC,ISUZU,JAANKR66,,,,,,,SiC,,,True
1943853451943.pdf,10,Automóvi,a: Todo Riesgo,AUTO - 371708,411,31/01/2025,31/01/2026 12:00 A 12:00 HRS,"PRODUCTOS LACTEOS DE CENTROAMERICA, SOCIEDAD! Descripción del Vehículo",,,,,,,,,,,,,,,True
1943853451943.pdf,11,Automóvi,,,412,31/01/2025,31/01/2026 12:00 A 1200 HRS,"PRODUCTOS LACTEOS DE CENTROAMÉRICA, SOCIEDAD] Descripción del Vehículo","INDUSTRIAS LACTEAS, SA",,,,,,,,,,,,,QUETZALES,True
1943853451943.pdf,12,Automówvi,,,413,31/01/2025,31/01/2026 12:00 A 12:00 HRS,"PRODUCTOS LACTEOS DE CENTROAMERICA, SOCIEDAD) Descripción del Vehículo",,,,ISUZU,JAAMKREGEK,,,,,,,,,QUETZALES,True
1943853451943.pdf,13,Altomovi,ertura: Todo Riesgo,,,31/01/2025,31/01/2026 12:00 A 12:00 HRS,,MOUSTRASLACTEAS SA lLinee:smwooeio [pasejeros:a |,,,,,,,,,,,,,QUETZALES,False
1943853451943.pdf,14,Automóvi,ertura: Todo Riesgo,,,31/01/2025,31/01/2026 12:00 A 1200 HRS,"PRODUCTOS LACTEOS DE CENTROAMERICA, SOCIEDAD] Descripción del Vehículo",,,,,,,,,,,,,,,False
1943853451943.pdf,15,Automóvi,,,416,31/01/2025,31/01/2026 12:00 A 12:00 HRS,"PRODUCTOS LACTEOS DE CENTROAMERICA, SOCIEDAD] Descripción del Vehículo",MOUSTRASUACTENS SA [tineesruoocio [pasojere: |,,KILOMETRO 255 CARRETERA A EL SALVADOR -SIN ZONA/COMUNIDAD.F RALJANES-GUATEMALA- GUATEMALA Color: SiC,,,,,,,,,SiC,,,True
1943853451943.pdf,16,Automovil,ertura: Todo Riesgo,,,31/01/2025,31/01/2026 12:00 A 1200 HRS,"PRODUCTOS LACTEOS DE CENTROAMERICA, SOCIEDAD] Descripción del Vehículo","INDUSTRIAS LACTEAS, SA Pasajeros: 3",,KILOMETRO 25.5 CARRETERA A EL SALVADOR -SIN ZONA/COMUNIDAD F RALJANES-GUATEMALA- GUATEMALA Color: sic,ISUZU,JAANKREGEK,,3,,CAMION,,120066,sic,EFECTIVO,QUETZALES,True
1943853451943.pdf,17,Automóvi,ertura: Todo Riesgo,AUTO - 371708,418,31/01/2025,31/01/2026 12:00 A 12:00 HRS,"PRODUCTOS LACTEOS DE CENTROAMERICA, SOCIEDAD Descripción del Vehículo",,,KILOMETRO 25.5 CARRETERA A EL SALVADOR -SIN ZONA/COMUNIDAD F RALJANES-GUATEMALA-GUATEMALA Color: SiC,,,,,,,,,SiC,EFECTIVO,,True
1943853451943.pdf,18,Automóvi,,,419,31/01/2025,31/01/2026 12:00 A 1200 HRS,"PRODUCTOS LACTEOS DE CENTROAMERICA, SOCIEDAD] Descripción del Vehículo",,,,ISUZU,JAANKRE6EK,,,,,,,SiC,,QUETZALES,True
1943853451943.pdf,19,Automóvi,a: Todo Riesgo,AUTO - 371708,420,31/01/2025,31/01/2026 12:00 A 1200 HRS,"PRODUCTOS LACTEOS DE CENTROAMÉRICA, SOCIEDAD] Descripción del Vehículo",,,,ISUZU,JAAMKREGEK7100093,,,,,,,,,,True
1943853451943.pdf,20,Automóvi,ra: Todo Riesgo,AUTO - 371708,421,31/01/2025,31/01/2026 12:00 A 12:00 HRS,"PRODUCTOS LACTEOS DE CENTROAMÉRICA, SOCIEDAD] Descripción del Vehículo",ROUSTRASIACTEAS SA llimee:saooeio |pasojers3 |,,,,,,,,,,,,,,True
1943853451943.pdf,21,Automóvi,,,422,31/01/2025,31/01/2026 12:00 A 12:00 HRS,"PRODUCTOS LACTEOS DE CENTROAMÉRICA, SOCIEDAD] Descripción del Vehículo","MDUSTRAS LACTEAS, SA lisos: surco |pesejerosia |",,,,,,,,,,,,,,True
1943853451944.pdf,1,Aomovi,ertura: Todo Riesgo,,,31/01/2025,31/01/2026 12:00 A 12:00 HRS,"PRODUCTOS LACTEOS DE CENTROAMERICA, SOCIEDAD Descripción del Vehículo",PRODUCTOS LACTEOS OE CENTROMMERICA SocienaD| tama: qu ajzy Ípanajerosca |,,3 AVENIDA 13-78 -2ONA 10-GUATEMALA-GUATEMALA- GUATEMALA Color: BLANCO,,,,,,,,,BLANCO,,QUETZALES,False
1943853451944.pdf,2,Automóvi,ertura: Todo Riesgo,AUTO - 371708,330,31/01/2025,31/01/2026 12:00 A 1200 HRS,"PRODUCTOS LACTEOS DE CENTROAMERICA, SOCIEDAD] Descripción del Vehículo","PRODUCTOS LACTEOS DE CENTROAMERICA, Socienan | tamea:xuesocunamaso |Pesajeros:a |",,3 AVENIDA 13-78 -2OMA 10.GUATEMALA- GUATEMALA. GUATEMALA Color: BLANCO,,,,,2022,,,,BLANCO,,QUETZALES,True
1943853451944.pdf,3,Automovi,,,331,31/01/2025,31/01/2026 12:00 A 12:00 HRS,"PRODUCTOS LACTEOS DE CENTROAMÉRICA, SOCIEDAD] Descripción del Vehículo",PRODUCTOS LACTEOS DE CENTROAMERCA SOCIEDAD] Linea: xzuescaunamasa [Pesejorosca |,,3 AVENIDA 13-78 -2ONA 10.GUATEMALA-GUATEMALA- GUATEMALA Color: BLANCO,,,xzuescaunamasa,,2022,,,,BLANCO,EFECTIVO,QUETZALES,True
1943853451944.pdf,4,Aitomóvi,,,332,31/01/2025,31/01/2026 12:00 A 12:00 HRS,"PRODUCTOS LACTEOS DE CENTROAMÉRICA, SOCIEDAD] Descripción del Vehículo",PRODUCTOS LACTEOS OE CENTROMMERICA. SOCIEDAD | Lines: xzuecec vnomass [pasajeros |,,3 AVENIDA 13-78 -2ONA 10-GUATEMALA-GUATEMALA- GUATEMALA Color: BLANCO,,,,,,,,,BLANCO,,,True
1943853451944.pdf,5,Automóvi,ertura: Todo Riesgo,AUTO - 371708,333,31/01/2025,31/01/2026 12:00 A 1200 HRS,"PRODUCTOS LACTEOS DE CENTROAMÉRICA, SOCIEDAD] Descripción del Vehículo","PRODUCTOS LACTEOS OE CENTROMMERICA, SOCIEDAD] toma: xzueca.mnoaaj [Pasajerosca |",,3 AVENIDA 13.78 -2ONA 10-GUATEMALA-GUATEMALA. GUATEMALA Color: BLANCO,,,,,2022,,,,BLANCO,,,True
1943853451944.pdf,6,Atomóvi,,,334,31/01/2025,31/01/2026 12:00 A 12:00 HRS,"PRODUCTOS LACTEOS DE CENTROAMEÉRICA, SOCIEDAD] Descripción del Vehículo",,,3 AVENIDA 13-78 -ZONA 10-GUATEMALA-GUATEMALA- GUATEMALA Color: BLANCO,,,,,,,,,BLANCO,EFECTIVO,aveces A,True
1943853451944.pdf,7,Automóvi,ra: Todo Riesgo,AUTO - 371708,335,31/01/2025,31/01/2026 12:00 A 12:00 HRS,"PRODUCTOS LACTEOS DE CENTROAMÉRICA, SOCIEDAD] Descripción del Vehículo",,,3 AVENIDA 13-78 -ZONA 10-GUATEMALA-GUATEMALA. GUATEMALA Color: BLANCO,,,,,2022,,,,BLANCO,,,True
1943853451944.pdf,8,Automóvi,,,336,31/01/2025,31/01/2026 12:00 A 1200 HRS,"PRODUCTOS LACTEOS DE CENTROAMÉRICA, SOCIEDAD] Descripción del Vehículo",,,3 AVENIDA 13-78 -ZONA 10-GUATEMALA- GUATEMALA. GUATEMALA Color: BLANCO,,,,,2022,,,,BLANCO,,,True
1943853451944.pdf,9,Automóvi,,,337,,31/01/2026 12:00 A 1200 HRS,"PRODUCTOS LACTEOS DE CENTROAMERICA, SOCIEDAD] Descripción del Vehículo","PRODUCTOS LACTEOS DE CENTROAMERICA, SOCIEDAD PA",,3 AVENIDA 13-78 -2ONA 10-GUATEMALA-GUATEMALA. GUATEMALA Color: BLANCO,,,,,,,,,BLANCO,EFECTIVO,,True
1943853451944.pdf,10,,,,338,31/01/2025,31/01/2026 12:00 A 12:00 HRS,"PRODUCTOS LACTEOS DE CENTROAMERICA, SOCIEDAD] Descripción del Vehículo","PRODUCTOS LACTEOS DE CENTROMAERICA, SociEnAD| mea: xzueco.mnonao [Pamajerosca |",,3 AVENIDA 13-78 -2ONA 10-GUATEMALA-GUATEMALA- GUATEMALA Color: BLANCO,,,,,,,,,BLANCO,,QUETZALES,True
1943853451944.pdf,11,Automóvi,'a: Todo Riesgo,AUTO - 371708,339,31/01/2025,31/01/2026 12:00 A 12:00 HRS,"PRODUCTOS LACTEOS DE CENTROAMERICA, SOCIEDAD] Descripción del Vehículo",,,3 AVENIDA 13-78 -ZONA 10-GUATEMALA- GUATEMALA. GUATEMALA Color: BLANCO,,,,,2022,,,,BLANCO,,,True
1943853451944.pdf,12,Automóvi,,,340,31/01/2025,31/01/2026 12:00 A 1200 HRS,"PRODUCTOS LACTEOS DE CENTROAMÉRICA, SOCIEDAD] Descripción del Vehículo",,,3 AVENIDA 13-78 -ZONA 10-GUATEMALA-GUATEMALA. GUATEMALA Color: BLANCO,,,,,2022,,,,BLANCO,,QUETZALES,True
1943853451944.pdf,13,,,AUTO - 371708,341,31/01/2025,31/01/2026 12:00 A 12:00 HAS,[ Deducible 7],,,,HINO,JHHACI3F1NK506639,,,,,,,BLANCO,,,True
1943853451944.pdf,14,Aitomóvi,,,342,31/01/2025,31/01/2026 12:00 A 12:00 HRS,"PRODUCTOS LACTEOS DE CENTROAMERICA, SOCIEDAD] Descripción del Vehículo",,,3 AVENIDA 13-78 -ZONA 10.GUATEMALA-GUATEMALA- GUATEMALA Color: BLANCO,,,,,2072,,,,BLANCO,,,True
1943853451944.pdf,15,Automóvi,,,343,31/01/2025,31/01/2026 12:00 A 12:00 HRS,"PRODUCTOS LACTEOS DE CENTROAMERICA, SOCIEDAD] Descripción del Vehículo",PRODUCTOS LACTEOS E CENIROAMERICA SOCIEDAD | unes xs woomaso [Puaaferos:a |,,,,,,,2022,,,,BLANCO,,QUETZALES,True
1943853451944.pdf,16,Automóvi,,,344,31/01/2025,31/01/2026 12:00 A 12:00 HRS,"PRODUCTOS LACTEOS DE CENTROAMÉRICA, SOCIEDAD] Descripción del Vehículo",,,3 AVENIDA 13-78 -2ONA 10-GUATEMALA-.GUATEMALA- GUATEMALA Color: BLANCO,,,,,,,,,BLANCO,,,True
1943853451944.pdf,17,,,,345,31/01/2025,31/01/2026 12:00 A 1200 HRS,"PRODUCTOS LACTEOS DE CENTROAMÉRICA, SOCIEDAD] Descripción del Vehículo",,,3 AVENIDA 13.78 .2ONA 10.GUATEMALA.GUATEMALA. GUATEMALA Color: BLANCO,HINO,JHHACIIF,,,,,,,BLANCO,EFECTIVO,,True
1943853451944.pdf,18,Automóvi,,,346,31/01/2025,31/01/2026 12:00 A 12:00 HRS,"PRODUCTOS LACTEOS DE CENTROAMERICA, SOCIEDAD Descripción del Vehiculo",PRODUCTOS LACTEOS DE CENTROMAERCA SOCIEDAD | lines: xzucoainonjo [pasajeros |,,3 AVENIDA 13-78 -2ONA 10.GUATEMALA-GUATEMALA- GUATEMALA Color: BLANCO,,,,,2022,,,,BLANCO,EFECTIVO,,True
1943853451944.pdf,19,,,,347,31/01/2025,31/01/2026 12:00 A 1200 HRS,"PRODUCTOS LACTEOS DE CENTROAMERICA, SOCIEDAD] Descripción del Vehículo","PRODUCTOS LACTEOS OE CENTROMMERICA, SocienaD| mea: xzucco. monas [pamajerosca |",,3 AVENIDA 13.78 ZONA 10.GUATEMALA- GUATEMALA. GUATEMALA Color: BLANCO,,,,,2022,,,,BLANCO,,,True
1943853451944.pdf,20,Automóvi,,,348,31/01/2025,31/01/2026 12:00 A 1200 HRS,"PRODUCTOS LACTEOS DE CENTROAMERICA, SOCIEDAD Descripción del Vehiculo",,,3 AVENIDA 13-78 -2ONA 10-GUATEMALA-GUATEMALA. GUATEMALA Color: BLANCO,,,,,,,,,BLANCO,,QUETZALES,True
1943853451944.pdf,21,Automóvi,a: Todo Riesgo,AUTO - 371708,349,31/01/2025,31/01/2026 12:00 A 12:00 HRS,"PRODUCTOS LACTEOS DE CENTROAMERICA, SOCIEDAD) Descripción del Vehículo",,,3 AVENIDA 13-78 -2ONA 10-GUATEMALA-.GUATEMALA- GUATEMALA Color: BLANCO,,,,,,,,,BLANCO,,,True
1943853451945.pdf,1,Aitomóvi,,,379,31/01/2025,31/01/2026 12:00 A 12:00 HRS,"PRODUCTOS LACTEOS DE CENTROAMÉRICA, SOCIEDAD] Descripción del Vehículo",,,,,,,,,,,,S,EFECTIVO,,True
1943853451945.pdf,2,Automóvi,,,390,31/01/2025,31/01/2026 12:00 A 12:00 HRS,"PRODUCTOS LACTEOS DE CENTROAMERICA, SOCIEDAD] Descripción del Vehículo",MOUSTRAS LACTEAS SA ltimeeunoocimimess [Pasojeros:3 |,,,,,,,,,,,SiC,,QUETZALES,True
1943853451945.pdf,3,Automóvi,,,381,31/01/2025,31/01/2026 12:00 A 1200 HRS,"PRODUCTOS LACTEOS DE CENTROAMERICA, SOCIEDAD] Descripción del Vehículo","INDUSTRIAS LACTEAS, SA mess smuicosio pasejereesa |",,,,,,,,,,,,,,True
1943853451945.pdf,4,Automóvi,ertura: Todo Riesgo,AUTO - 371708,382,31/01/2025,31/01/2026 12:00 A 12:00 HRS,"PRODUCTOS LACTEOS DE CENTROAMÉRICA, SOCIEDAD] Descripción del Vehículo",,,KILOMETRO 25.5 CARRETERA A EL SALVADOR -SIN ZONA COMUNIDAD F RALJANES-GUATEMALA- GUATEMALA Color: SiC,,,,,,,,,SiC,EFECTIVO,,True
1943853451945.pdf,5,Automóvi,,,383,31/01/2025,31/01/2026 12:00 A 1200 HRS,"PRODUCTOS LACTEOS DE CENTROAMERICA, SOCIEDAD] Descripción del Vehículo",,,,TOYOTA,J1GF85189G,,,,,,,,,QUETZALES,True
1943853451945.pdf,6,Automóvil,ertura: Todo Riesgo,,,31/01/2025,31/01/2026 12:00 A 1200 HRS,"PRODUCTOS LACTEOS DE CENTROAMERICA, SOCIEDAD] Descripción del Vehículo","MOUSTRAS LACTEAS, SA lisas: seswooeio [pesejere] |",,KILOMETRO 25.5 CARRETERA A EL SALVADOR -SIN ZONA/COMUNIDADF RALJANES-GUATEMALA- GUATEMALA Color: SiC,INTERNATIONAL,3HSDHSIR2CN592104,,,,,,,SiC,EFECTIVO,QUETZALES,True
1943853451945.pdf,7,Automóvi,,,385,31/01/2025,31/01/2026 12:00 A 1200 HRS,"PRODUCTOS LACTEOS DE CENTROAMÉRICA, SOCIEDAD] Descripción del Vehículo",NDUSTRAS LACTEAS. SA times: smuucoeto [pasajeros |,,,ISUZU,JAANKREGE,,,,,,,SiC,,QUETZALES,True
1943853451945.pdf,8,Automovi,,,386,31/01/2025,31/01/2026 12:00 A 1200 HRS,"PRODUCTOS LACTEOS DE CENTROAMERICA, SOCIEDAD] Descripción del Vehículo",,,,,,,,,,,,,,,True
1943853451945.pdf,9,,,,387,31/01/2025,31/01/2026 12:00 A 1200 HRS,"PRODUCTOS LACTEOS DE CENTROAMERICA, SOCIEDAD] Descripción del Vehículo",SDUSTRAS UACTEAS SA Lines: SV MOOELO lresalerses |,,,ISUZU,JAAMKREGE,,,,,,,,,,True
1943853451945.pdf,10,Automóvi,,,388,31/01/2025,31/01/2026 12:00 A 1200 HRS,"PRODUCTOS LACTEOS DE CENTROAMÉRICA, SOCIEDAD] Descripción del Vehículo",,,KILOMETRO 255 CARRETERA A El SALVADOR -SIN ZONA/COMUNIDAD F RALJANES-GUATEMALA- GUATEMALA Color: SiC,,,,,2017,,,,SiC,EFECTIVO,,True
1943853451945.pdf,11,,,,,,,BENEFICIO DEL PLAN,,,,,,,,,,,,,,,False
1943853451945.pdf,12,Automóvi,,,,31/01/2025,31/01/2026 12:00 A 12:00 HRS,"PRODUCTOS LACTEOS DE CENTROAMÉRICA, SOCIEDAD] Descripción del Vehículo",,,KILOMETRO 25.5 CARRETERA A EL SALVADOR -SIN ZONA/COMUNIDAD FRALJANES-GUATEMALA-.GUATEMALA Color: SiC,,,,,,,,,SiC,EFECTIVO,,False
1943853451945.pdf,13,Automóvi,,,393,31/01/2025,31/01/2026 12:00 A 1200 HRS,"PRODUCTOS LACTEOS DE CENTROAMERICA, SOCIEDAD] Descripción del Vehículo",MDUSTRASUACTEAS SA ltimee:smuucoeio [pasejeros:a |,,KILOMETRO 25.5 CARRETERA A EL SALVADOR -SIN 2ONAN/ COMUNIDAD F RALJANES-GUATEMALA- GUATEMALA Color: sic,,,,,2019,,,,sic,EFECTIVO,,True
1943853451945.pdf,14,,,,394,31/01/2025,31/01/2026 12:00 A 1200 HRS,"PRODUCTOS LACTEOS DE CENTROAMEÉRICA, SOCIEDAD] Descripción del Vehículo","NDUSTRAS UACTEAS, SA lisos: smuscocio [pasajeroeia |",,,,,,,,,,,,,,True
1943853451945.pdf,15,Automóvi,ertura: Todo Riesgo,AUTO - 371708,395,31/01/2025,31/01/2026 12:00 A 12.00 HRS,"PRODUCTOS LACTEOS DE CENTROAMÉRICA, SOCIEDAD] Descripción del Vehículo",,,,,,,,,,,,sic,,,True
1943853451945.pdf,16,,,,396,31/01/2025,31/01/2026 12:00 A 1200 HRS,"PRODUCTOS LACTEOS DE CENTROAMERICA, SOCIEDAD] Descripción del Vehículo",DDUSTRNS LACTERS SA Lines: su uooELo Ipasejerossa |,,,ISUZU,JAANKREGEK,,,,,,,,,,True
1943853451945.pdf,17,Automóvi,,,397,31/01/2025,31/01/2026 12:00 A 12:00 HRS,"PRODUCTOS LACTEOS DE CENTROAMERICA, SOCIEDAD] Descripción del Vehículo",MDUSTRASUACTEAS SA ltimee:smuooeío [pasajeros |,,KILOMETRO 25.5 CARRETERA A EL SALVADOR -SIN ZONA/COMUNIDAD F RALJANES-GUATEMALA- GUATEMALA Color: S/C,,,,,,,,,S,EFECTIVO,QUETZALES,True
1943853451945.pdf,18,Automóvi,a: Todo Riesgo,AUTO - 371708,398,31/01/2025,31/01/2026 12:00 A 12:00 HRS,"PRODUCTOS LACTEOS DE CENTROAMÉRICA, SOCIEDAD] Descripción del Vehículo",IUSTRASTACTEAS SA lkimee:smucocio [pauejercaia |,,,,,,,,,,,SiC,,,True
1943853451945.pdf,19,Automóvi,,,399,31/01/2025,31/01/2026 12:00 A 12:00 HRS,"PRODUCTOS LACTEOS DE CENTROAMÉRICA, SOCIEDAD] Descripción del Vehículo","MDUSTRAS LACTEAS, SA Iimessseuucogio Jpesejeressa |",,,,,,,,,,,,,,True
1943853451945.pdf,20,Automóvi,ra: Todo Riesgo,AUTO - 371708,400,31/01/2025,31/01/2026 12:00 A 12:00 HRS,"PRODUCTOS LACTEOS DE CENTROAMERICA, SOCIEDAD] Descripción del Vehículo","INDUSTRIAS LACTEAS, SA lkames: sewooeio [pasarela |",,,,,,,,,,,sic,,QUETZALES,True
1943853451945.pdf,21,Automóvi,ertura: Todo Riesgo,AUTO - 371708,401,31/01/2025,31/01/2026 12:00 A 12:00 HRS,"PRODUCTOS LACTEOS DE CENTROAMÉRICA, SOCIEDAD] Descripción del Vehículo","MDUSTRAS LACTEAS, SA liameessmumoceio [pasejerer] |",,,,,,,,,,,,,,True
1943853451946.pdf,1,Automovi,ertura: Todo Riesgo,,,31/01/2025,31/01/2026 12:00 A 12:00 HRS,"PRODUCTOS LACTEOS DE CENTROAMERICA, SOCIEDAD] Descripción del Vehículo",,,,,,,,2022,,,,BLANCO,,,False
1943853451946.pdf,2,Automóvi,,,351,31/01/2025,31/01/2026 12:00 A 12:00 HRS,"PRODUCTOS LACTEOS DE CENTROAMERICA, SOCIEDAD] Descripción del Vehículo",,,3 AVENIDA 13.78 .2ZONA 10.GUATEMALA- GUATEMALA. GUATEMALA Color: BLANCO,,,,,,,,,BLANCO,,,True
1943853451946.pdf,3,Automóvi,ertura: Todo Riesgo,AUTO - 371708,352,31/01/2025,31/01/2026 12:00 A 12:00 HRS,"PRODUCTOS LACTEOS DE CENTROAMÉRICA, SOCIEDAD] Descripción del Vehículo",,,3 AVENIDA 13-78 -2ONA 10-GUATEMALA-GUATEMALA. GUATEMALA Color: BLANCO,,,,,2022,,,,BLANCO,,QUETZALES,True
1943853451946.pdf,4,Automóvil,ertura: Todo Riesgo,AUTO - 371708,353,31/01/2025,31/01/2026 12:00 A 12:00 HRS,| Deducible 7,,,KILOMETRO 255 CARRETERA A EL SALVADOR -SIN ZONAJCOMUNIDAD. FRALJANES-GUATEMALA-GUATEMALA Color: sic,ISUZU,JAATFRS4HY7112569,,,,,,,sic,,,True
1943853451946.pdf,5,,,,354,31/01/2025,31/01/2026 12:00 A 12:00 HRS,"PRODUCTOS LACTEOS DE CENTROAMERICA, SOCIEDAD] Descripción del Vehículo",,,,,,,,,,,,,,QUETZALES,True
1943853451946.pdf,6,Automóvi,ertura: Todo Riesgo,AUTO - 371708,355,31/01/2025,31/01/2026 12:00 A 1200 HRS,"PRODUCTOS LACTEOS DE CENTROAMERICA, SOCIEDAD] Descripción del Vehículo","INDUSTRIAS LACTEAS, SA ltimeecase > [pasajeros:a |",,,,,,,2006,,,,SiC,,QUETZALES,True
1943853451946.pdf,7,Aitomóvi,,,356,31/01/2025,31/01/2026 12:00 A 12:00 HRS,"PRODUCTOS LACTEOS DE CENTROAMÉRICA, SOCIEDAD] Descripción del Vehículo",,,,,,,,,,,330063,,,,True
1943853451946.pdf,8,,,,357,31/01/2025,31/01/2026 12:00 A 12:00 HRS,"PRODUCTOS LACTEOS DE CENTROAMÉRICA, SOCIEDAD] Descripción del Vehículo",MOUSTRASLACTEAS SA lkimeecnace pasajeros |,,,,,,,,,,,SiC,EFECTIVO,QUETZALES,True
1943853451946.pdf,9,Automóvi,,,358,31/01/2025,31/01/2026 12:00 A 12:00 HRS,"PRODUCTOS LACTEOS DE CENTROAMÉRICA, SOCIEDAD] Descripción del Vehículo",,,,,JAANKR5SE67102103,,,2006,,,244160,,,QUETZALES,True
1943853451946.pdf,10,Automóvi,a: Todo Riesgo,AUTO - 371708,360,31/01/2025,31/01/2026 12:00 A 12:00 HRS,"PRODUCTOS LACTEOS DE CENTROAMÉRICA, SOCIEDAD] Descripción del Vehículo","RDUSTIVAS LACTEAS, SA ltimeecroce > Ípasajrosia |",,,,,,,,,,,,,,True
1943853451946.pdf,11,Automóvi,,,364,31/01/2025,31/01/2026 12:00 A 12:00 HRS,"PRODUCTOS LACTEOS DE CENTROAMÉRICA, SOCIEDAD] Descripción del Vehículo",,,,ISUZU,JAAMKR55E,,,,,,,,,QUETZALES,True
1943853451946.pdf,12,ALtomovi,Todo Riesgo,,,31/01/2025,31/01/2026 12:00 A 12:00 HRS,"PRODUCTOS LACTEOS DE CENTROAMERICA, SOCIEDAD] Descripción del Vehículo","INDUSTRIAS LACTEAS, SA Iimossrancecoamer) Jrasajerossa |",,,,,,,,,,,,,,False
1943853451946.pdf,13,Automóvi,,,370,31/01/2025,31/01/2026 12:00 A 12:00 HRS,"PRODUCTOS LACTEOS DE CENTROAMÉRICA, SOCIEDAD] Descripción del Vehículo",,,KILOMETRO 25.5 CARRETERA A EL SALVADOR -SIN ZONA/COMUNIDAD F RALJANES-GUATEMALA- GUATEMALA Color: SiC,,,,,,,,,SiC,EFECTIVO,ouerzaes,True
1943853451946.pdf,14,,,,371,31/01/2025,31/01/2026 12:00 A 12:00 HRS,"PRODUCTOS LACTEOS DE CENTROAMERICA, SOCIEDAD] Descripción del Vehículo",,,,HINO,JHHUF,,,,,,,,EFECTIVO,QUETZALES,True
1943853451946.pdf,15,,,,372,31/01/2025,31/01/2026 12:00 A 12:00 HRS,"PRODUCTOS LACTEOS DE CENTROAMERICA, SOCIEDAD] Descripción del Vehículo",MOUSTRASLACTEAS SA Imeesseuucocio |rasajerosia |,,KILOMETRO 25.5 CARRETERA A EL SALVADOR -SIN ZONNCOMUNIDAD FRALJANES-GUATEMALA- GUATEMALA Color: SiC,,,,,,,,,SiC,EFECTIVO,,True
1943853451946.pdf,16,Automóvi,ra: Todo Riesgo,AUTO - 371708,373,31/01/2025,31/01/2026 12:00 A 12:00 HRS,"PRODUCTOS LACTEOS DE CENTROAMÉRICA, SOCIEDAD] Descripción del Vehículo",,,KILOMETRO 25.5 CARRETERA A EL SALVADOR -SIN ZONA COMUNIDAD F RALJJANES-GUATEMALA- GUATEMALA Color: SiC,,,,,,,,,SiC,EFECTIVO,QUETZALES,True
1943853451946.pdf,17,Automóvi,"ertura: Todo Riesgo PÓ No.: AUTO - 371708 Certificado No.: 374 Inicio de Vigencia: 31/01/2025 Fin de Vigencia: 31/01/2026 12:00 A 12:00 HRS Asegurado: PRODUCTOS LACTEOS DE CENTROAMERICA, SOCIEDAD] Descripción del Vehículo ropita IDUSTRASTACTEAS SA Lines: SMODELO [pasajeros:3 | [mogeto:zoe Jetmsecamon | AE Dirección: KILOMETRO 25.5 CARRETERA A EL SALVADOR -SIN ZONNCOMUNIDAD. FRALJJANES-GUATEMALA-GUATEMALA Código del agente: 006657 |FormadePago:EFECTWVO Nombre del agente: JUAN MAURICIO SAMAYOA ROMERO Moneda: QUETZALES COBERTURAS Y AMPARADOS L Daños Propios al Vehículo Descrito Todo riesgo de pérdida o daño físico que sufra el vehículo por cualquier causa extema, siempre y cuando no se encuentre excluido en las e Q 18,047.92 Todo Riesgo excluyendo robo: Q 360,958.47 o 10.047 92 Robo ylo Hurto Total: Q 360,958.47 ,047.: Ala",,374,31/01/2025,31/01/2026 12:00 A 12:00 HRS,"PRODUCTOS LACTEOS DE CENTROAMERICA, SOCIEDAD] Descripción del Vehículo",,,KILOMETRO 25.5 CARRETERA A EL SALVADOR -SIN ZONNCOMUNIDAD. FRALJJANES-GUATEMALA-GUATEMALA,,,,3,,,,,,,QUETZALES,True
1943853451946.pdf,18,Automóvi,,,375,,31/01/2026 12:00 A 1200 HRS,"PRODUCTOS LACTEOS DE CENTROAMÉRICA, SOCIEDAD] Descripción del Vehículo",MDUSTRIAS LACTEAS SA liaes:sesmooero Ipesejerel] |,,,,,,,,,,,,EFECTIVO,,True
1943853451946.pdf,19,,,,376,31/01/2025,31/01/2026 12:00 A 12:00 HRS,"PRODUCTOS LACTEOS DE CENTROAMÉRICA, SOCIEDAD] Descripción del Vehículo",,,KILOMETRO 25.5 CARRETERA A EL SALVADOR -SIN ZONA/COMUNIDAD.F RALJANES-GUATEMALA-GUATEMALA Color: SiC,,,,,,,,,SiC,EFECTIVO,,True
1943853451946.pdf,20,Automówi,ertura: Todo Riesgo,AUTO - 371708,377,31/01/2025,31/01/2026 12:00 A 12:00 HRS,"PRODUCTOS LACTEOS DE CENTROAMÉRICA, SOCIEDAD] Descripción del Vehículo",,,KILOMETRO 25.5 CARRETERA A EL SALVADOR -SIN ZONANCOMUNIDADFRALJANES-GUATEMALA-.GUATEMALA Color: sic,TOYOTA,JTFHK02P0G0011413,,,,pres,,51,sic,,QUETZALES,True
1943853451946.pdf,21,Automóvi,ertura: Todo Riesgo,AUTO - 371708,378,31/01/2025,31/01/2026 12:00 A 1200 HRS,"PRODUCTOS LACTEOS DE CENTROAMÉRICA, SOCIEDAD] Descripción del Vehículo",MDUSTRAS ACTEAS SA Ponsjerenta,,KILOMETRO 25.5 CARRETERA A EL SALVADOR -SIN ZONAN/COMUNIDADF RALJANES-GUATEMALA-.GUATEMALA Color: SiC,ISUZU,MPATFS86JFT0O4964,,,,PACK,,Miv3920,SiC,EFECTIVO,QUETZALES,True
1943853451947.pdf,1,Automóvi,,,306,31/01/2025,31/01/2026 12:00 A 12:00 HRS,"PRODUCTOS LACTEOS DE CENTROAMÉRICA, SOCIEDAD] Descripción del Vehículo",,,3 AVENIDA 13-78 -ZOMA 10.GUATEMALA.GUATEMALA. GUATEMALA Color: BLANCO,,,,,2017,,,,BLANCO,EFECTIVO,,True
1943853451947.pdf,2,,,,,,,BENEFICIO DEL PLAN,,,,ASIA,1B420YC51,,2,,,,Beneficiario,BLANCO MULTICOLOR,,,True
1943853451947.pdf,3,,,,,,,BENEFICIO DEL PLAN,,,,ASIA,LB420YC57EC000860,,2,,,,Beneficiario,SIC,,,True
1943853451947.pdf,4,,,,,,,BENEFICIO DEL PLAN,,,,,1B420YC50EC002434,,,,,,3eneficiario,SIC,,,True
1943853451947.pdf,5,,,,,,,BENEFICIO DEL PLAN,,,,ASIA,LN420YC54EC000850,,2,,,,Beneficiario,SIC,,,True
1943853451947.pdf,6,Automóvi,ra: Todo Riesgo,AUTO - 371708,313,31/01/2025,31/01/2026 12:00 A 12:00 HRS,"PRODUCTOS LACTEOS DE CENTROAMÉRICA, SOCIEDAD] Descripción del Vehículo",PRODUCTOS LACTEOS OE CENTROAMERCA SOCIEDAD,,3 AVENIDA 13-78 -2ONA 10.GUATEMALA-GUATEMALA. GUATEMALA Color: BLANCO,,,,,,,,,BLANCO,,QUETZALES,True
1943853451947.pdf,7,,,,314,31/01/2025,31/01/2026 12:00 A 12:00 HRS,"PRODUCTOS LACTEOS DE CENTROAMERICA, SOCIEDAD] Descripción del Vehículo",,,3 AVENIDA 13-78 -2ONA 10.GUATEMALA-GUATEMALA- GUATEMALA Color: BLANCO,,,,,2022,,,,BLANCO,,,True
1943853451947.pdf,8,Automóvi,ertura: Todo Riesgo,AUTO - 371708,315,31/01/2025,31/01/2026 12:00 A 12:00 HRS,"PRODUCTOS LACTEOS DE CENTROAMÉRICA, SOCIEDAD] Descripción del Vehículo","PRODUCTOS LACTEOS DE CENTROAMERICA, SOCIEDAD PA A",,,,,,,2022,,,,BLANCO,EFECTIVO,,True
1943853451947.pdf,9,,,,316,31/01/2025,31/01/2026 12:00 A 12:00 HRS,"PRODUCTOS LACTEOS DE CENTROAMERICA, SOCIEDAD) Descripción del Vehículo",,,3 AVENIDA 13-78 -ZOMA 10.GUATEMALA- GUATEMALA. GUATEMALA Color: BLANCO,,,,,,,,,BLANCO,,QUETZALES,True
1943853451947.pdf,10,Automóvi,ertura: Todo Riesgo,AUTO - 371708,317,31/01/2025,31/01/2026 12:00 A 12:00 HRS,"PRODUCTOS LACTEOS DE CENTROAMERICA, SOCIEDAD] Descripción del Vehículo",,,3 AVENIDA 13-78 -ZONA 10.GUATEMALA-GUATEMALA- GUATEMALA Color: BLANCO,,,,,,,,,BLANCO,,QUETZALES,True
1943853451947.pdf,11,Automovil,ertura: Todo Riesgo,,,31/01/2025,31/01/2026 12:00 A 1200 HRS,"PRODUCTOS LACTEOS DE CENTROAMERICA, SOCIEDAD] Descripción del Vehículo","PRODUCTOS LACTEOS DE CENTROAMERICA, SOCIEDAD",,3 AVENIDA 13-78 -2ONA 10-GUATEMALA-GUATEMALA. GUATEMALA Color: BLANCO,,,,,,,,,BLANCO,,QUETZALES,False
1943853451947.pdf,12,Automóvi,,,319,31/01/2025,31/01/2026 12:00 A 12:00 HRS,"PRODUCTOS LACTEOS DE CENTROAMERICA, SOCIEDAD] Descripción del Vehículo",,,3 AVENIDA 13-78 -ZONA 10-GUATEMALA- GUATEMALA. GUATEMALA Color: BLANCO,,,,,,,,,BLANCO,,QUETZALES,True
1943853451947.pdf,13,Automóvi,a: Todo Riesgo,AUTO - 371708,320,31/01/2025,31/01/2026 12:00 A 12:00 HRS,"PRODUCTOS LACTEOS DE CENTROAMERICA, SOCIEDAD] Descripción del Vehículo",,,,,,,,2022,,,,BLANCO,,,True
1943853451947.pdf,14,,,,321,31/01/2025,31/01/2026 12:00 A 12:00 HRS,"PRODUCTOS LACTEOS DE CENTROAMÉRICA, SOCIEDAD] Descripción del Vehículo",,,3 AVENIDA 13-78 -ZONA 10.GUATEMALA-GUATEMALA. GUATEMALA Color: BLANCO,,,,,2022,,,,BLANCO,EFECTIVO,,True
1943853451947.pdf,15,Automóvi,ertura: Todo Riesgo,AUTO - 371708,322,31/01/2025,31/01/2026 12:00 A 12:00 HRS,"PRODUCTOS LACTEOS DE CENTROAMÉRICA, SOCIEDAD] Descripción del Vehículo",,,3 AVENIDA 13-78 -2ONA 10-GUATEMALA-GUATEMALA- GUATEMALA Color: BLANCO,,,,,,,,,BLANCO,EFECTIVO,,True
1943853451947.pdf,16,Automóvi,ertura: Todo Riesgo,,,31/01/2025,31/01/2026 12:00 A 12:00 HRS,"PRODUCTOS LACTEOS DE CENTROAMÉRICA, SOCIEDAD] Descripción del Vehículo",,,3 AVENIDA 13-78 -2ONA 10-GUATEMALA-GUATEMALA. GUATEMALA Color: BLANCO,,,,,2022,,,,BLANCO,EFECTIVO,,False
1943853451947.pdf,17,,,,324,31/01/2025,31/01/2026 12:00 A 12:00 HRS,"PRODUCTOS LACTEOS DE CENTROAMERICA, SOCIEDAD] Descripción del Vehículo",,sezag084,3 AVENIDA 13-78 -ZONA 10-GUATEMALA- GUATEMALA. GUATEMALA Color: BLANCO,,,,,2022,,C,noecwerza87,BLANCO,,QUEIZALES,True
1943853451947.pdf,18,Automóvi,,,325,31/01/2025,31/01/2026 12:00 A 12:00 HRS,"PRODUCTOS LACTEOS DE CENTROAMERICA, SOCIEDAD] Descripción del Vehículo",,,3 AVENIDA 13-78 -2ONA 10-GUATEMALA-GUATEMALA. GUATEMALA Color: BLANCO,,,,,2022,,,,BLANCO,,QUETZALES,True
1943853451947.pdf,19,Aitomóvi,,,326,31/01/2025,31/01/2026 12:00 A 12:00 HRS,"PRODUCTOS LACTEOS DE CENTROAMÉRICA, SOCIEDAD] Descripción del Vehículo",,,3 AVENIDA 13-78 -Z2ONMA 10.GUATEMALA.GUATEMALA. GUATEMALA Color: BLANCO,,,,,,,,,BLANCO,,QUETZALES,True
1943853451947.pdf,20,Aitomóvi,,,327,31/01/2025,31/01/2026 12:00 A 1200 HRS,"PRODUCTOS LACTEOS DE CENTROAMERICA, SOCIEDAD] Descripción del Vehículo",,,3 AVENIDA 13-78 -ZONA 10-GUATEMALA-.GUATEMALA. GUATEMALA Color: BLANCO,,,,,,,,,BLANCO,,QUETZALES,True
1943853451947.pdf,21,Automóvi,ertura: Todo Riesgo,AUTO - 371708,328,31/01/2025,31/01/2026 12:00 A 12:00 HRS,"PRODUCTOS LACTEOS DE CENTROAMÉRICA, SOCIEDAD] Descripción del Vehículo",PRODUCTOS LACTEOS DE CENTROAMERCA SOCIEDAD] Linea: xzuesccunamaso [Pesejorosca |,,3 AVENIDA 13-78 -2ONA 10.GUATEMALA-GUATEMALA- GUATEMALA Color: BLANCO,,,xzuesccunamaso,,2022,,,,BLANCO,EFECTIVO,QUETZALES,True
1943853451948.pdf,1,,,,2834,31/01/2025,31/01/2026 12:00 A 12:00 HRS,"PRODUCTOS LACTEOS DE CENTROAMÉRICA, SOCIEDAD] Descripción del Vehículo",,,3 AVENIDA 13-78 -ZONA 10.GUATEMALA-GUATEMALA. GUATEMALA Color: BLANCO CIDIST,TOYOTA,MROCS12G300056118,,,2008,,,,BLANCO CIDIST,EFECTIVO,,True
1943853451948.pdf,2,Automóvi,,,286,31/01/2025,31/01/2026 12:00 A 1200 HRS,"PRODUCTOS LACTEOS DE CENTROAMERICA, SOCIEDAD] Descripción del Vehículo",,,3 AVENIDA 13-78 -2ONA 10.GUATEMALA-GUATEMALA. GUATEMALA Color: BLANCO,,,weona,,,,,,BLANCO,,QUETZALES,True
1943853451948.pdf,3,Automóvi,ertura: Todo Riesgo,AUTO - 371708,287,,31/01/2026 12:00 A 12:00 HRS,"PRODUCTOS LACTEOS DE CENTROAMERICA, SOCIEDAD Descripción del Vehículo",,,3 AVENIDA 13-78 -ZONA 10.GUATEMALA-GUATEMALA. GUATEMALA Color: BLANCO,,,,,2017,,,,BLANCO,,,True
1943853451948.pdf,4,Automóvi,ertura: Todo Riesgo,AUTO - 371708,288,31/01/2025,31/01/2026 12:00 A 12:00 HRS,"PRODUCTOS LACTEOS DE CENTROAMÉRICA, SOCIEDAD] Descripción del Vehículo",,,3 AVENIDA 13-78 -2ONA 10-GUATEMALA-GUATEMALA- GUATEMALA Color: BLANCO,,,,,,,,,BLANCO,,,True
1943853451948.pdf,5,Automóvi,,,239,31/01/2025,31/01/2026 12:00 A 12:00 HRS,"PRODUCTOS LACTEOS DE CENTROAMÉRICA, SOCIEDAD] Descripción del Vehículo","PROQUCTOS LACTEOS DE CENTROAMERICA, SocicnaD|tanea: nvecoc amor [Pesajerossa |",,3 AVENIDA 13-78 -ZOMA 10.GUATEMALA.GUATEMALA. GUATEMALA Color: BLANCO,,,,,2017,,,,BLANCO,,QUETZALES,True
1943853451948.pdf,6,Aitomóvi,,,290,31/01/2025,31/01/2026 12:00 A 1200 HRS,"PRODUCTOS LACTEOS DE CENTROAMERICA, SOCIEDAD Descripción del Vehículo",PRODUCTOS LACTEOS DE CENTROMERCA SOCIEDAD | linea: emostar1220x [Pesajeres:z |,,3 AVENIDA 13-78 -ZOMA 10.GUATEMALA.GUATEMALA- GUATEMALA Color: BLANCO,INTERNATIONAL,3HSDJSJROENO14574,emostar1220x,,,,,,BLANCO,,QUETZALES,True
1943853451948.pdf,7,,,,,31/01/2025,31/01/2026 12:00 A 1200 HRS,"PRODUCTOS LACTEOS DE CENTROAMÉRICA, SOCIEDAD] Descripción del Vehículo",PRODUCTOS LACTEOS DE CENTROMERICA SOCIEDAD linea: pmostar=1z20m [Pesajeroscz |,,3 AVENIDA 13-78 -2ONA 10-GUATEMALA-GUATEMALA. GUATEMALA Color: BLANCO,,,pmostar,,,,,,BLANCO,,GuErZALES,False
1943853451948.pdf,8,Auomovi,ertura: Todo Riesgo,,,,31/01/2026 12:00 A 1200 HRS,"PRODUCTOS LACTEOS DE CENTROAMERICA, SOCIEDAD) Descripción del Vehículo","PRODUCTOS LACTEOS OE CENTROMMERICA, SocenaD| mea: roramsestos [pamajerossa |",,3 AVENIDA 13-78 -ZOMA 10.GUATEMALA.GUATEMALA. GUATEMALA Color: BLANCO,,,,,2016,,,,BLANCO,,QUETZALES,False
1943853451948.pdf,9,Automóvi,a: Todo Riesgo,AUTO - 371708,293,31/01/2025,31/01/2026 12:00 A 12:00 HRS,"PRODUCTOS LACTEOS DE CENTROAMERICA, SOCIEDAD] Descripción del Vehículo",,,,,,,,,,,,Sii COLOR,,,True
1943853451948.pdf,10,Automóvi,,,294,31/01/2025,31/01/2026 12:00 A 1200 HRS,"PRODUCTOS LACTEOS DE CENTROAMERICA, SOCIEDAD] Descripción del Vehículo",,,3 AVENIDA 13-78 -ZONA 10-GUATEMALA- GUATEMALA. GUATEMALA Color: SiN COLOR,,,,,2017,,,,SiN COLOR,,,True
1943853451948.pdf,11,Automóvil,ertura: Todo Riesgo,,,31/01/2025,31/01/2026 12:00 A 1200 HRS,"PRODUCTOS LACTEOS DE CENTROAMERICA, SOCIEDAD] Descripción del Vehículo",,,,,,,,2017,,,,Six COLOR,,QUETZALES,False
1943853451948.pdf,12,Automóvi,,,296,31/01/2025,31/01/2026 12:00 A 12:00 HRS,"PRODUCTOS LACTEOS DE CENTROAMÉRICA, SOCIEDAD] Descripción del Vehículo",,,3 AVENIDA 13-78 -ZONA 10-GUATEMALA-GUATEMALA. GUATEMALA Color: Six COLOR,,,,,,,,,Six COLOR,EFECTIVO,,True
1943853451948.pdf,13,,,,297,31/01/2025,31/01/2026 12:00 A 12:00 HRS,"PRODUCTOS LACTEOS DE CENTROAMÉRICA, SOCIEDAD! Descripción del Vehículo",,,3 AVENIDA 13-78 -ZONA 10.GUATEMALA-GUATEMALA- GUATEMALA Color: SiN COLOR,,,,,2017,,,,SiN COLOR,EFECTIVO,,True
1943853451948.pdf,14,Automóvi,a: Todo Riesgo,AUTO - 371708,298,31/01/2025,31/01/2026 12:00 A 12:00 HRS,"PRODUCTOS LACTEOS DE CENTROAMERICA, SOCIEDAD) Descripción del Vehículo",,,3 AVENIDA 13-78 -2ONA 10-GUATEMALA-.GUATEMALA- GUATEMALA Color: BLANCO,,,,,2008,,,,BLANCO,,,True
1943853451948.pdf,15,Automóvi,,,299,31/01/2025,31/01/2026 12:00 A 12:00 HRS,"PRODUCTOS LACTEOS DE CENTROAMERICA, SOCIEDAD Descripción del Vehículo",,,3 AVENIDA 13-78 -2ONA 10.GUATEMALA-GUATEMALA. GUATEMALA Color: BLANCO,HINO,JHHUCL2H9D5000002,,,2013,,,,BLANCO,,QUETZALES,True
1943853451948.pdf,16,Automóvi,a: Todo Riesgo,AUTO - 371708,300,31/01/2025,31/01/2026 12:00 A 12:00 HRS,"PRODUCTOS LACTEOS DE CENTROAMÉRICA, SOCIEDAD] Descripción del Vehículo",,,3 AVENIDA 13-78 -2ONA 10.GUATEMALA-GUATEMALA- GUATEMALA Color: BLANCO,UTILITY,1UYVS253,,,,,,,BLANCO,,,True
1943853451948.pdf,17,ALtomovi,ertura: Todo Riesgo,AUTO - 371708,,31/01/2025,31/01/2026 12:00 A 12:00 HRS,"PRODUCTOS LACTEOS DE CENTROAMERICA, SOCIEDAD] Descripción del Vehículo",,,3 AVENIDA 13-78 -ZONA 10-GUATEMALA-GUATEMALA- GUATEMALA Color: BLANCO,,,,,2012,OTROS,,,BLANCO,EFECTIVO,,True
1943853451948.pdf,18,Automóvi,'a: Todo Riesgo,,,31/01/2025,31/01/2026 12:00 A 12:00 HRS,"PRODUCTOS LACTEOS DE CENTROAMÉRICA, SOCIEDAD] Descripción del Vehículo",,,3 AVENIDA 13-78 -ZONA 10-GUATEMALA-GUATEMALA- GUATEMALA Color: sic,,,,,,,,,sic,EFECTIVO,,False
1943853451948.pdf,19,,,,303,31/01/2025,31/01/2026 12:00 A 12:00 HRS,"PRODUCTOS LACTEOS DE CENTROAMERICA, SOCIEDAD] Descripción del Vehículo",,,,,,,,2017,,,wososeer,,,,True
1943853451948.pdf,20,Automóvi,,,304,31/01/2025,31/01/2026 12:00 A 1200 HRS,"PRODUCTOS LACTEOS DE CENTROAMÉRICA, SOCIEDAD] Descripción del Vehículo","PRODUCTOS LACTEOS DE CENTROAMERICA, SOCIEDAD lkmeecunseso Jpeeejeroeia |",,,,,,,,,,,,EFECTIVO,,True
1943853451948.pdf,21,,,,305,31/01/2025,31/01/2026 12:00 A 12:00 HRS,"PRODUCTOS LACTEOS DE CENTROAMÉRICA, SOCIEDAD] Descripción del Vehículo",,,3 AVENIDA 13-78 -ZONA 10.GUATEMALA.GUATEMALA. GUATEMALA Color: BLANCO,,,,,,,,,BLANCO,EFECTIVO,,True
1943853451949.pdf,1,Automóvil,ertura: Todo Riesgo,,,31/01/2025,31/01/2026 12:00 A 12:00 HRS,"PRODUCTOS LACTEOS DE CENTROAMÉRICA, SOCIEDAD] Descripción del Vehículo",,,3 AVENIDA 13-78 -Z2ONA 10-GUATEMALA-GUATEMALA. GUATEMALA Color: BLANCO,,,,,,como,,,BLANCO,EFECTIVO,,False
1943853451949.pdf,2,Automovi,,,,31/01/2025,31/01/2026 12:00 A 12:00 HRS,"PRODUCTOS LACTEOS DE CENTROAMÉRICA, SOCIEDAD] Descripción del Vehículo",,,3 AVENIDA 13-78 -2ONA 10.GUATEMALA-GUATEMALA- GUATEMALA Color: BLANCO,,,,,2018,,,,BLANCO,EFECTIVO,QUETZALES,False
1943853451949.pdf,3,Automóvwi,,,240,31/01/2025,31/01/2026 12:00 A 1200 HRS,"PRODUCTOS LACTEOS DE CENTROAMERICA, SOCIEDAD] Descripción del Vehículo","PRODUCTOS LACTEOS DE CENTROAMERICA, Socienao | tamea: ws eooc sumar [pesajeros:a |",,3 AVENIDA 13-78 -ZOMA 10.GUATEMALA.GUATEMALA- GUATEMALA Color: BLANCO,,,,,2018,,,,BLANCO,,QUETZALES,True
1943853451949.pdf,4,Automóvi,ertura: Todo Riesgo,AUTO - 371708,241,31/01/2025,31/01/2026 12:00 A 1200 HRS,"PRODUCTOS LACTEOS DE CENTROAMERICA, SOCIEDAD] Descripción del Vehículo",PRODUCTOS LACTEOS DE CENTROMMERCA SOCIEDAD | linea: w eoocumamasa [Pasajeros |,,3 AVENIDA 13-78 -ZONA 10-GUATEMALA-GUATEMALA. GUATEMALA Color: BLANCO,,,w,,2018,,,,BLANCO,,,True
1943853451949.pdf,5,Automóvi,ertura: Todo Riesgo,AUTO - 371708,242,31/01/2025,31/01/2026 12:00 A 12:00 HRS,"PRODUCTOS LACTEOS DE CENTROAMÉRICA, SOCIEDAD] Descripción del Vehículo",,,3 AVENIDA 13-78 -ZONA 10.GUATEMALA-GUATEMALA. GUATEMALA Color: BLANCO,,,,,2018,,,,BLANCO,EFECTIVO,,True
1943853451949.pdf,6,Automóvi,ertura: Todo Riesgo,AUTO - 371708,244,31/01/2025,31/01/2026 12:00 A 12:00 HRS,"PRODUCTOS LACTEOS DE CENTROAMERICA, SOCIEDAD Descripción del Vehículo",PRODUCTOS LACTEOS DE CENTROMAERCA SocioaD| Linea roramue cz [Pasalerosa |,,3 AVENIDA 13-78 -ZONA 10.GUATEMALA-GUATEMALA- GUATEMALA Color: BLANCO,,,,,2018,,,200,BLANCO,,,True
1943853451949.pdf,7,Automóvwi,,,246,31/01/2025,31/01/2026 12:00 A 12:00 HRS,"PRODUCTOS LACTEOS DE CENTROAMÉRICA, SOCIEDAD] Descripción del Vehículo",,,3 AVENIDA 13-78 -2ONA 10.GUATEMALA-GUATEMALA- GUATEMALA Color: BLANCO,,,,,2018,,,,BLANCO,EFECTIVO,,True
1943853451949.pdf,8,Automóvi,'a: Todo Riesgo,,,31/01/2025,31/01/2026 12:00 A 12:00 HRS,"PRODUCTOS LACTEOS DE CENTROAMERICA, SOCIEDAD] Descripción del Vehículo",,,3 AVENIDA 13-78 -2ONA 10-GUATEMALA.GUATEMALA- GUATEMALA Color: BLANCO,,,,,,,,,BLANCO,EFECTIVO,,False
1943853451949.pdf,9,Automóvi,,,249,31/01/2025,31/01/2026 12:00 A 12:00 HRS,"PRODUCTOS LACTEOS DE CENTROAMÉRICA, SOCIEDAD] Descripción del Vehículo",PRODUCTOS LACTEOS E CENTROMMERICA SocEoaD | nea; wv conca [Pasajros:a |,,3 AVENIDA 13-78 -2ONA 10.GUATEMALA-GUATEMALA- GUATEMALA Color: BLANCO,,,,,2018,,,,BLANCO,,ouerzaLes O,True
1943853451949.pdf,10,Automóvi,,,253,31/01/2025,31/01/2026 12:00 A 12:00 HRS,"PRODUCTOS LACTEOS DE CENTROAMÉRICA, SOCIEDAD] Descripción del Vehículo",PRODUCTOS LACTEOS OE CENTROAMERCA SocioaD| linea: emostar [pesejerosiz |,,3 AVENIDA 13-78 -Z2OMA 10-GUATEMALA-GUATEMALA- GUATEMALA Color: BLANCO,,,emostar,,2012,,,,BLANCO,,,True
1943853451949.pdf,11,Automóvi,ertura: Todo Riesgo,AUTO - 371708,260,31/01/2025,31/01/2026 12:00 A 12:00 HRS,"PRODUCTOS LACTEOS DE CENTROAMÉRICA, SOCIEDAD] Descripción del Vehículo",,,,,,,,,OTROS,,,BLANCO CON DORRO DE ALUMINIO,EFECTIVO,QUETZALES,True
1943853451949.pdf,12,Automóvi,,,262,31/01/2025,31/01/2026 12:00 A 1200 HRS,"PRODUCTOS LACTEOS DE CENTROAMERICA, SOCIEDAD Descripción del Vehículo",,,,,,,,2018,,,,BLANCO DIST COM,EFECTIVO,,True
1943853451949.pdf,13,Automóvi,,,263,,31/01/2026 12:00 A 1200 HRS,"PRODUCTOS LACTEOS DE CENTROAMÉRICA, SOCIEDAD] Descripción del Vehículo",PRODUCTOS LACTEOS DE CEnrRomaRca socieoao| tines: omax |pasejerosis |,,,,,,,2018,,,,BLANCO DIST COM,EFECTIVO,QUETZALES,True
1943853451949.pdf,14,Automóvwi,,,264,31/01/2025,31/01/2026 12:00 A 1200 HRS,"PRODUCTOS LACTEOS DE CENTROAMERICA, SOCIEDAD) Descripción del Vehículo",PRODUCTOS LACTEOS DE cENrmoMuerocA SocieoaD|tneec ome [pesejerosis |,,,,,,,2018,,,,BLANCO DIST COM,,QUETZALES,True
1943853451949.pdf,15,Aitomóvi,,,265,31/01/2025,31/01/2026 12:00 A 1200 HRS,"PRODUCTOS LACTEOS DE CENTROAMERICA, SOCIEDAD! Descripción del Vehículo",,,,,,,,2018,,,,BLANCO DIST COM,,QUETZALES,True
1943853451949.pdf,16,,,,266,31/01/2025,31/01/2026 12:00 A 12:00 HRS,"PRODUCTOS LACTEOS DE CENTROAMERICA, SOCIEDAD] Descripción del Vehículo",,,3 AVENIDA 13-78 -2ONA 10-GUATEMALA-.GUATEMALA- GUATEMALA Color: BLANCO,tSUZU,MPATERS4HCT101621,,,2013,,,,BLANCO,,QUETZALES,True
1943853451949.pdf,17,Automóvi,,,268,31/01/2025,31/01/2026 12:00 A 12:00 HRS,"PRODUCTOS LACTEOS DE CENTROAMÉRICA, SOCIEDAD] Descripción del Vehículo","PRODUCTOS LACTEOS DE CEMTROMMERICA, SocienaD|tomeas pmax pasajeros |",,,,,,,2018,,,,BLANCO DIST COM,,,True
1943853451949.pdf,18,Aitomóvwi,,,274,31/01/2025,31/01/2026 12:00 A 12:00 HRS,"PRODUCTOS LACTEOS DE CENTROAMERICA, SOCIEDAD] Descripción del Vehículo",,,3 AVENIDA 13-78 -2ONA 10-GUATEMALA-GUATEMALA. GUATEMALA Color: BLANCO,,,,,,,,,BLANCO,,,True
1943853451949.pdf,19,Automóvi,,,278,31/01/2025,31/01/2026 12:00 A 12:00 HRS,"PRODUCTOS LACTEOS DE CENTROAMÉRICA, SOCIEDAD] Descripción del Vehículo",PRODUCTOS LACTEOS DE CEnTROmMERCA Socioao| tines: boss pasajeros |,,,,,,,2012,,,,BLANCO,,,True
1943853451949.pdf,20,Automóvil,ertura: Todo Riesgo,,,31/01/2025,31/01/2026 12:00 A 12:00 HRS,"PRODUCTOS LACTEOS DE CENTROAMERICA, SOCIEDAD] Descripción del Vehículo",,,3 AVENIDA 13-78 -ZOMA 10.GUATEMALA.GUATEMALA. GUATEMALA Color: BLANCO,,,,,2020,,,,BLANCO,EFECTIVO,,False
1943853451949.pdf,21,Automóvi,,,283,31/01/2025,31/01/2026 12:00 A 12:00 HRS,"PRODUCTOS LACTEOS DE CENTROAMÉRICA, SOCIEDAD] Descripción del Vehículo",,,,,,,,,suvcamonera,,,GRIS TITANIUM,EFECTIVO,,True
1943853451950.pdf,1,,,,,,,,"PRODUCTOS LACTEOS DE CENTROAMERICA, SOCIEDAD Pr PP",,3 AVENIDA 13-78 -ZONA 10-GUATEMALA-GUATEMALA- GUATEMALA Color: BLANCO,,JALFVR34PE7000167,,,2014,,,,BLANCO,,,True
1943853451950.pdf,2,,,,,,,"PRODUCTOS LACTEOS DE CENTROAMERICA, SOCIEDAD! Descripción del Vehículo",,,3 AVENIDA 13-78 -ZONA 10-GUATEMALA-GUATEMALA- GUATEMALA Color: BLANCO,ISUZU,JALFVR34PE7000135,,,2014,,,,BLANCO,,QUETZALES,True
1943853451950.pdf,3,,,,,,,,,,3 AVENIDA 13-78 -ZONA 10-GUATEMALA-GUATEMALA- GUATEMALA Color: BLANCO,ISUZU,JAANPR71HF7100041,,,2015,CAMION,,,BLANCO,,QUETZALES,True
1943853451950.pdf,4,,,,,,,,,,3 AVENIDA 13-78 -ZONA 10-GUATEMALA-GUATEMALA- GUATEMALA Color: BLANCO,ISUZU,JAANPR71HF7100110,,,2015,,,,BLANCO,,,True
1943853451950.pdf,5,Automóvil,ertura: Todo Riesgo,AUTO - 371708,96,31/01/2025,31/01/2026 12:00 A 12:00 HRS,"PRODUCTOS LACTEOS DE CENTROAMERICA, SOCIEDAD| Descripción del Vehículo",,,3 AVENIDA 13-78 -ZONA 10-GUATEMALA-GUATEMALA- GUATEMALA Color: BLANCO,ISUZU,JALFVR34PE7000060,,,,,,,BLANCO,,QUETZALES,True
1943853451950.pdf,6,,,,,,,BENEFICIO DEL PLAN,,,,,,,,,,,,,,,False
1943853451950.pdf,7,,,,,,,BENEFICIO DEL PLAN,,,,,,,,,,,,,,,False
1943853451950.pdf,8,,,,,,,BENEFICIO DEL PLAN,,,,,,,,,,,,,,,False
1943853451950.pdf,9,,,,,,,BENEFICIO DEL PLAN,,,,,,,,,,,,,,,False
1943853451950.pdf,10,,,,,,,BENEFICIO DEL PLAN,,,,,,,,,,,,,,,False
1943853451950.pdf,11,,,,,,,BENEFICIO DEL PLAN,,,,,,,,,,,,,,,False
1943853451950.pdf,12,,,,,,,BENEFICIO DEL PLAN,,,,,,,,,,,,,,,False
1943853451950.pdf,13,,,,,,,BENEFICIO DEL PLAN,,,,,,,,,,,,,,,False
1943853451950.pdf,14,,,,,,,BENEFICIO DEL PLAN,,,,ASIA,,,2,,,,COBERTURAS,BLANCO MULTICOLOR,,,False
1943853451950.pdf,15,,,,,,,BENEFICIO DEL PLAN,,,,ASIA,,,,,,,Beneficiario,,,,False
1943853451950.pdf,16,,,,,,,BENEFICIO DEL PLAN,,,,ASIA,,,,,,,Beneficiario,,,,False
1943853451950.pdf,17,,,,,,,BENEFICIO DEL PLAN,,,,ASIA,,,,,,,Beneficiario,,,,False
1943853451950.pdf,18,Automóvil,ertura: Todo Riesgo,,,31/01/2025,31/01/2026 12:00 A 12:00 HRS,"PRODUCTOS LACTEOS DE CENTROAMERICA, SOCIEDAD] Descripción del Vehículo","PRODUCTOS LACTEOS DE CENTROAMERICA, SOCIEDAD lrnsestose panajerzesa |]",,,,,,,,camow,,,BLANCO,,,False
1943853451950.pdf,19,Automóvil,ertura: Todo Riesgo,AUTO - 371708,228,31/01/2025,31/01/2026 12:00 A 12:00 HRS,"PRODUCTOS LACTEOS DE CENTROAMERICA, SOCIEDAD! Descripción del Vehículo",,,3 AVENIDA 13-78 -ZONA 10-GUATEMALA-GUATEMALA- GUATEMALA Color: BLANCO,ISUZU,JAANPR71HH7100039,,,2017,,,,BLANCO,,,True
1943853451950.pdf,20,Automóvil,,,229,31/01/2025,31/01/2026 12:00 A 12:00 HRS,"PRODUCTOS LACTEOS DE CENTROAMÉRICA, SOCIEDAD] Descripción del Vehículo",PRODUCTOS LACTEOS DE CENTROMMERICA Socioao|tines: tac pasalrosca |,,3 AVENIDA 13-78 -2ONA 10.GUATEMALA-GUATEMALA. GUATEMALA Color: BLANCO,,,,,2017,,,,BLANCO,EFECTIVO,QUETZALES,True
1943853451950.pdf,21,Automóvi,,,230,31/01/2025,31/01/2026 12:00 A 1200 HRS,"PRODUCTOS LACTEOS DE CENTROAMERICA, SOCIEDAD Descripción del Vehículo",,,3 AVENIDA 13-78 -2ONA 10.GUATEMALA-GUATEMALA- GUATEMALA Color: BLANCO,,,,,,,,,BLANCO,EFECTIVO,,True
1943853451951.pdf,1,,,,,,,,,,3 AVENIDA 13-78 -ZONA 10-GUATEMALA-GUATEMALA- GUATEMALA Color: BLANCO,NISSAN,3N1,,,,,,,BLANCO,,QUETZALES,True
1943853451951.pdf,2,,,,,31/01/2025,31/01/2026 12:00 A 12:00 HRS,"PRODUCTOS LACTEOS DE CENTROAMERICA, SOCIEDAD Descripción del Vehículo",,,3 AVENIDA 13-78 -ZONA 10-GUATEMALA-GUATEMALA GUATEMALA Color: BLANCO,ISUZU,JAANPR71HE7100337,,,2014,,,,BLANCO,,,True
1943853451951.pdf,3,,,,,31/01/2025,31/01/2026 12:00 A 12:00 HRS,"PRODUCTOS LACTEOS DE CENTROAMERICA, SOCIEDAD! Descripción del Vehículo",,,3 AVENIDA 13-78 -ZONA 10-GUATEMALA-GUATEMALA- GUATEMALA Color: BLANCO,ISUZU,JAANPR71HE7100330,,,,,,,BLANCO,,QUETZALES,True
1943853451951.pdf,4,,,,,31/01/2025,31/01/2026 12:00 A 12:00 HRS,"PRODUCTOS LACTEOS DE CENTROAMERICA, SOCIEDAD Descripción del Vehículo",,,3 AVENIDA 13-78 -ZONA 10-GUATEMALA-GUATEMALA- GUATEMALA Color: BLANCO,ISUZU,JAANPR71HE7100329,,,,,,,BLANCO,,,True
1943853451951.pdf,5,,,,,,,,"PRODUCTOS LACTEOS DE CENTROAMERICA, SOCIEDAD tines menzuezz Ípasajeroses |",,3 AVENIDA 13-78 -ZONA 10-GUATEMALA-GUATEMALA- GUATEMALA Color: BLANCO,ISUZU,JAANPR71HE7100334,,,2014,,,,BLANCO,,QUETZALES,True
1943853451951.pdf,6,,,,,,,"PRODUCTOS LACTEOS DE CENTROAMERICA, SOCIEDAD] Descripción del Vehículo",,,3 AVENIDA 13-78 -ZONA 10-GUATEMALA GUATEMALA: GUATEMALA Color: BLANCO,ISUZU,JAANPR71HE7100335,mor,,,,,,BLANCO,,QUETZALES,True
1943853451951.pdf,7,,,,,,,,,,3 AVENIDA 13-78 -ZONA 10-GUATEMALA-GUATEMALA- GUATEMALA Color: BLANCO,ISUZU,JAANPR71HE7100473,,,,,,,BLANCO,,,True
1943853451951.pdf,8,,,,,,,,,,3 AVENIDA 13-78 -ZONA 10-GUATEMALA-GUATEMALA- GUATEMALA Color: BLANCO,ISUZU,JAANPR71HE7100339,,,,,,,BLANCO,,,True
1943853451951.pdf,9,,,,,,,,,,3 AVENIDA 13-78 -ZONA 10-GUATEMALA-GUATEMALA- GUATEMALA Color: BLANCO,ISUZU,,,,,,,,BLANCO,,,False
1943853451951.pdf,10,,,,,,,,,,3 AVENIDA 13-78 -ZONA 10-GUATEMALA-GUATEMALA- GUATEMALA Color: BLANCO,ISUZU,JAANPR71HE7100338,,,,,,,BLANCO,,,True
1943853451951.pdf,11,,,,,,,,,,3 AVENIDA 13-78 -ZONA 10-GUATEMALA-GUATEMALA- GUATEMALA Color: BLANCO,ISUZU,JAANPR71HE7100343,,,2014,CAMION,,,BLANCO,,,True
1943853451951.pdf,12,,,,,,,,,,3 AVENIDA 13-78 -ZONA 10-GUATEMALA-GUATEMALA- GUATEMALA Color: BLANCO,ISUZU,JAANPR71HE,,,2014,CAMION,,,BLANCO,,,True
1943853451951.pdf,13,,,,,,,,PRODUCTOS LACTEOS DE CENTROAMERICA. SOCIEDAD ltinea: nace Ipasajerosis |,,3 AVENIDA 13-78 -ZONA 10-GUATEMALA-GUATEMALA- GUATEMALA Color: BLANCO,TOYOTA,JTFJS02P3F5021081,,,,panel,,,BLANCO,,,True
1943853451951.pdf,14,,,,,,,,,,3 AVENIDA 13-78 -ZONA 10-GUATEMALA-GUATEMALA- GUATEMALA Color: BLANCO,ISUZU,JAANPR71HE7100643,,,,,,,BLANCO,,QUETZALES,True
1943853451951.pdf,15,,,,,,,,"PRODUCTOS LACTEOS DE CENTROAMERICA, SOCIEDAD tine: merezmeza Pasajeros |",,3 AVENIDA 13-78 -ZONA 10-GUATEMALA:GUATEMALA- GUATEMALA Color: BLANCO,ISUZU,JAANPR71HE7100545,,,,,,,BLANCO,,,True
1943853451951.pdf,16,,,,,,,,,,3 AVENIDA 13-78 -ZONA 10-GUATEMALA-GUATEMALA- GUATEMALA Color: BLANCO,ISUZU,JAANPR71HE7100476,,,,,,,BLANCO,,,True
1943853451951.pdf,17,,,,,31/01/2025,31/01/2026 12:00 A 12:00 HRS,"PRODUCTOS LACTEOS DE CENTROAMERICA, SOCIEDAD! Descripción del Vehículo",,,3 AVENIDA 13-78 -ZONA 10-GUATEMALA-GUATEMALA- GUATEMALA Color: BLANCO,ISUZU,JAANPR71HE7100475,,,2014,CAMION,,,BLANCO,,,True
1943853451951.pdf,18,,,,,,,,,,3 AVENIDA 13-78 -ZONA 10-GUATEMALA-GUATEMALA- GUATEMALA Color: BLANCO,ISUZU,JAANPR71HE7100226,,,2014,,,,BLANCO,,,True
1943853451951.pdf,19,,,,,,,,,,3 AVENIDA 13-78 -ZONA 10-GUATEMALA-GUATEMALA- GUATEMALA Color: BLANCO,ISUZU,JAANPR71HF7100090,,,2015,,,,BLANCO,,,True
1943853451951.pdf,20,,,,,,,,,,3 AVENIDA 13-78 -ZONA 10-GUATEMALA-GUATEMALA- GUATEMALA Color: BLANCO,ISUZU,JALFVR34PE7000217,,,2014,CAMION,,,BLANCO,,QUETZALES,True
1943853451951.pdf,21,,,,,31/01/2025,31/01/2026 12:00 A 12:00 HRS,"PRODUCTOS LACTEOS DE CENTROAMERICA, SOCIEDAD] Descripción del Vehículo",,,3 AVENIDA 13-78 -ZONA 10-GUATEMALA-GUATEMALA- GUATEMALA Color: BLANCO,ISUZU,JALFVR34PE7000085,,,2014,camow,,,BLANCO,,QUETZALES,True
1943853451952.pdf,1,Automóvil,ertura: Todo Riesgo,AUTO - 371708,26,31/01/2025,31/01/2026 12:00 A 12:00 HRS,"PRODUCTOS LACTEOS DE CENTROAMERICA, SOCIEDAD Descripción del Vehículo","PRODUCTOS LACTEOS DE CENTROAMERICA, SOCIEDAD | Línea: SIN MODELO lrasajeras:",,3 AVENIDA 13-78 -ZONA 10-GUATEMALA-GUATEMALA- GUATEMALA Color: BLANCO Y GRIS,HINO,FG1JMU,,,,Camion,,108C,BLANCO Y GRIS,EFECTIVO,QUETZALES,True
1943853451952.pdf,2,,,,,,,,,,3 AVENIDA 13-78 -ZONA 10-GUATEMALA-GUATEMALA- GUATEMALA Color: PLATEADO,HYUNDAI,KMHDU41BAAU724622,,,,AUTOMOVIL,,,PLATEADO,,,True
1943853451952.pdf,3,,,,,,,,,,3 AVENIDA 13-78 -ZONA 10-GUATEMALA-GUATEMALA- GUATEMALA Color: BLANCO,MAZDA,MM7UNYOW200426165,,,,,,,BLANCO,,,True
1943853451952.pdf,4,,,,,,,,PRODUCTOS LACTEOS DE CENTROAMERICA SOCIEDAD |linea: mon |pasajerosis |,,3 AVENIDA 13-78 -ZONA 10-GUATEMALA-GUATEMALA- GUATEMALA Color: PLATEADO,NISSAN,3N1CC1CG32L161190,mon,,,AUTOMOVIL,,,PLATEADO,,,True
1943853451952.pdf,5,,,,,,,,,,3 AVENIDA 13-78 -ZONA 10-GUATEMALA-GUATEMALA- GUATEMALA Color: ALMENDRA,NISSAN,,,,,,,,ALMENDRA,,QUETZALES,False
1943853451952.pdf,6,,,,,,,,,,3 AVENIDA 13-78 -ZONA 10-GUATEMALA-GUATEMALA- GUATEMALA Color: BLANCO,NISSAN,3N1,,,,,,,BLANCO,,,True
1943853451952.pdf,7,,,,,,,,,,3 AVENIDA 13-78 -ZONA 10-GUATEMALA-GUATEMALA- GUATEMALA Color: BLANCO PERLADO,MAZDA,JM3ER2W5880392214,,,,,,,BLANCO PERLADO,,,True
1943853451952.pdf,8,,,,,,,,,,3 AVENIDA 13-78 -ZONA 10-GUATEMALA-GUATEMALA- GUATEMALA Color: BLANCO,ISUZU,JAANPR71HC7100264,,,,Cato,,,BLANCO,,,True
1943853451952.pdf,9,,,,,,,,,,3 AVENIDA 13-78 -ZONA 10-GUATEMALA-GUATEMALA- GUATEMALA Color: BLANCO,,JAANPR,,,,camon,,,BLANCO,,,True
1943853451952.pdf,10,Automóvil,ertura: Todo Riesgo,AUTO - 371708,48,31/01/2025,31/01/2026 12:00 A 12:00 HRS,"PRODUCTOS LACTEOS DE CENTROAMERICA, SOCIEDAD) Descripción del Vehículo",,,3 AVENIDA 13-78 -ZONA 10-GUATEMALA-GUATEMALA: GUATEMALA Color: BLANCO,,JAANPR71HC7100265,,,2012,,,,BLANCO,,,True
1943853451952.pdf,11,,,,,,,"PRODUCTOS LACTEOS DE CENTROAMERICA, SOCIEDAD! Descripción del Vehículo",,,3 AVENIDA 13-78 -ZONA 10-GUATEMALA-GUATEMALA:- GUATEMALA Color: BLANCO,,,,,,camon,,,BLANCO,,QUETZALES,False
1943853451952.pdf,12,,,,,,,,,,3 AVENIDA 13-78 -ZONA 10-GUATEMALA-GUATEMALA- GUATEMALA Color: BLANCO,ISUZU,JAANPR71H87100584,,,2012,,,,BLANCO,,,True
1943853451952.pdf,13,,,,,,,,,,3 AVENIDA 13-78 -ZONA 10-GUATEMALA-GUATEMALA- GUATEMALA Color: BLANCO,ISUZU,JAANPR71H87100585,,,2012,CAMION,,,BLANCO,EFECTIVO,QUETZALES,True
1943853451952.pdf,14,,,,,,,,,,3 AVENIDA 13-78 -ZONA 10-GUATEMALA-GUATEMALA- GUATEMALA Color: ROJO OBSCURO,NISSAN,3N1CC1AG52K133836,,,,,,,ROJO OBSCURO,,,True
1943853451952.pdf,15,,,,,,,,"PRODUCTOS LACTEOS DE CENTROAMERICA, SOCIEDAD [times ne | Pasajeros: 3",,3 AVENIDA 13-78 -ZONA 10-GUATEMALA-GUATEMALA- GUATEMALA Color: BLANCO,ISUZU,JAANPR71HC7101397,,3,,Caron,C,2507,BLANCO,EFECTIVO,QUETZALES,True
1943853451952.pdf,16,,,,,,,,,,3 AVENIDA 13-78 -ZONA 10-GUATEMALA-GUATEMALA- GUATEMALA Color: BLANCO,,JAANPR71HD7100006,,,,camon,C-8s50NU,,BLANCO,,QUETZALES,True
1943853451952.pdf,17,,,,,,,,,,3 AVENIDA 13-78 -ZONA 10-GUATEMALA-GUATEMALA- GUATEMALA Color: BLANCO,ISUZU,JAANPR71HD7100007,,,2013,,,,BLANCO,,,True
1943853451952.pdf,18,,,,,,,,,,3 AVENIDA 13-78 -ZONA 10-GUATEMALA-GUATEMALA- GUATEMALA Color: BLANCO,,JAANPR71HD7100008,,,2013,,,,BLANCO,,,True
1943853451952.pdf,19,,,,,,,,,,3 AVENIDA 13-78 -ZONA 10-GUATEMALA-GUATEMALA- GUATEMALA Color: AZUL OBSCURO,NISSAN,3N1CN7AD9ZL089725,,,,,,WR5raR002IE,AZUL OBSCURO,,QUETZALES,True
1943853451952.pdf,20,,,,,,,,,,3 AVENIDA 13-78 -ZONA 10-GUATEMALA-GUATEMALA- GUATEMALA Color: BLANCO,NISSAN,3N1EB31592K,,,,,,,BLANCO,,,True
